recall_number,category
F-1733-2012,Beverages
F-1882-2012,Prepared/Frozen
F-1905-2012,Prepared/Frozen
F-1732-2012,Supplements
F-2049-2012,Dairy
F-0901-2013,Baking Supplies
F-2000-2012,Produce
F-0790-2013,Bakery
F-1913-2012,Produce
F-1896-2012,Produce
F-0710-2013,Grains/Cereal
F-1326-2013,Nuts/Seeds
F-0970-2013,Snacks/Candy
F-0177-2013,Produce
F-0538-2013,Nuts/Seeds
F-0830-2013,Produce
F-0047-2013,Seafood
F-1613-2013,Produce
F-0084-2013,Supplements
F-0240-2013,Plant Protein
F-0902-2013,Baking Supplies
F-0772-2013,Bakery
F-2054-2012,Dairy
F-0705-2013,Spices/Condiments
F-0870-2013,Grains/Cereal
F-2001-2012,Produce
F-1968-2012,Bakery
F-0502-2013,Nuts/Seeds
F-1844-2012,Snacks/Candy
F-1474-2012,Plant Protein
F-0529-2013,Nuts/Seeds
F-1940-2012,Prepared/Frozen
F-0322-2013,Nuts/Seeds
F-0975-2013,Bakery
F-1802-2012,Prepared/Frozen
F-0295-2013,Seafood
F-2394-2012,Bakery
F-0715-2013,Dairy
F-1776-2012,Dairy
F-0023-2013,Produce
F-1708-2012,Snacks/Candy
F-0506-2013,Nuts/Seeds
F-0313-2013,Spices/Condiments
F-0906-2013,Baking Supplies
F-0202-2013,Prepared/Frozen
F-1198-2013,Nuts/Seeds
F-2286-2012,Snacks/Candy
F-1343-2012,Spices/Condiments
F-0976-2013,Bakery
F-0904-2013,Baking Supplies
F-0254-2013,Produce
F-1731-2012,Supplements
F-0526-2013,Nuts/Seeds
F-1999-2012,Produce
F-0795-2013,Supplements
F-1465-2012,Spices/Condiments
F-1710-2012,Snacks/Candy
F-1581-2013,Baking Supplies
F-0741-2013,Food Additives/Ingredients
F-1799-2012,Supplements
F-2126-2012,Supplements
F-0253-2013,Produce
F-0892-2013,Produce
F-0017-2013,Produce
F-0277-2013,Produce
F-0550-2013,Nuts/Seeds
F-1463-2012,Spices/Condiments
F-0007-2013,Plant Protein
F-0774-2013,Bakery
F-0517-2013,Spices/Condiments
F-0745-2013,Dairy
F-0227-2013,Prepared/Frozen
F-2224-201,Produce
F-0147-2013,Uncategorized
F-0746-2013,Dairy
F-0143-2013,Spices/Condiments
F-0778-2013,Bakery
F-0535-2013,Nuts/Seeds
F-2261-2012,Produce
F-1812-2012,Supplements
F-0314-2013,Spices/Condiments
F-0283-2013,Produce
F-0706-2013,Produce
F-1470-2012,Spices/Condiments
F-0734-2013,Spices/Condiments
F-0771-2013,Bakery
F-2168-2012,Plant Protein
F-2356-2012,Spices/Condiments
F-0743-2013,Dairy
F-1473-2012,Grains/Cereal
F-1472-2012,Plant Protein
F-2221-2012,Produce
F-2041-2012,Dairy
F-2262-2012,Produce
F-0285-2013,Produce
F-1860-2012,Beverages
F-2091-2012,Prepared/Frozen
F-0262-2013,Produce
F-0850-2013,Plant Protein
F-2005-2012,Produce
F-2050-2012,Dairy
F-1709-2012,Snacks/Candy
F-2222-2012,Produce
F-2085-2012,Prepared/Frozen
F-1755-2012,Prepared/Frozen
F-0539-2013,Nuts/Seeds
F-1911-2012,Produce
F-0712-2013,Spices/Condiments
F-0713-2013,Spices/Condiments
F-0831-2013,Produce
F-2223-2012,Produce
F-1858-2012,Food Additives/Ingredients
F-0894-2013,Produce
F-0112-2013,Bakery
F-0714-2013,Dairy
F-0903-2013,Baking Supplies
F-0763-2013,Bakery
F-2338-2012,Nuts/Seeds
F0515-2013,Bakery
F-0938-2013,Bakery
F-1859-2012,Beverages
F-1144-2013,Grains/Cereal
F-0900-2013,Baking Supplies
F-1888-2012,Produce
F-0905-2013,Baking Supplies
F-0899-2013,Baking Supplies
F-1990-2012,Nuts/Seeds
F-1730-2012,Supplements
F-0664-2013,Prepared/Frozen
F-0849-2013,Plant Protein
F-1897-2012,Produce
F-1457-2013,Produce
F-1466-2012,Spices/Condiments
F-0766-2013,Bakery
F-0297-2013,Produce
F-0179-2013,Produce
F-0518-2013,Produce
F-2052-2012,Dairy
F-1729-2012,Supplements
F-1760-2013,Seafood
F-1352-2014,Supplements
F-1343-2013,Baking Supplies
F-0789-2014,Supplements
F-1695-2013,Snacks/Candy
F-1336-2014,Beverages
F-0430-2014,Produce
F-0809-2014,Supplements
F-1509-2014,Spices/Condiments
F-1533-2014,Spices/Condiments
F-0867-2014,Plant Protein
F-1728-2013,Nuts/Seeds
F-1644-2013,Grains/Cereal
F-1508-2014,Spices/Condiments
F-0756-2014,Supplements
F-1349-2014,Supplements
F-0134-2014,Supplements
F-0816-2014,Supplements
F-1465-2013,Dairy
F-0433-2014,Produce
F-1580-2013,Grains/Cereal
F-0429-2014,Produce
F-0837-2014,Supplements
F-1135-2014,Supplements
F-1524-2014,Spices/Condiments
F-0802-2014,Supplements
F-1133-2014,Supplements
F-1524-2013,Produce
F-1350-2014,Supplements
F-1554-2013,Bakery
F-1516-2014,Spices/Condiments
F-0850-2014,Produce
F-1521-2014,Spices/Condiments
F-0720-2014,Produce
F-1512-2014,Spices/Condiments
F-1143-2014,Supplements
F-1531-2014,Spices/Condiments
F-1300-2013,Supplements
F-0783-2014,Supplements
F-1638-2013,Plant Protein
F-1937-2014,Produce
F-0118-2014,Supplements
F-0133-2014,Supplements
F-1641-2013,Plant Protein
F-0136-2014,Supplements
F-1447-2014,Produce
F-0714-2014,Produce
F-1305-2013,Beverages
F-0636-2014,Prepared/Frozen
F-1133-2013,Plant Protein
F-0090-2014,Supplements
F-1510-2014,Spices/Condiments
F-0567-2014,Produce
F-0331-2014,Produce
F-0969-2014,Produce
F-0775-2014,Supplements
F-0838-2014,Supplements
F-1520-2014,Spices/Condiments
F-0585-2014,Plant Protein
F-0813-2014,Supplements
F-0808-2014,Supplements
F-1491-2014,Spices/Condiments
F-1471-2014,Supplements
F-1348-2014,Supplements
F-0396-2014,Produce
F-1764-2013,Seafood
F-0932-2014,Produce
F-0137-2014,Supplements
F-0095-2014,Supplements
F-0764-2014,Supplements
F-0343-2014,Prepared/Frozen
F-1639-2013,Plant Protein
F-0431-2014,Produce
F-1448-2014,Produce
F-0120-2014,Supplements
F-0800-2014,Supplements
F-1896-2013,Bakery
F-1219-2014,Spices/Condiments
F-1543-2013,Supplements
F-1917-2013,Supplements
F-0328-2014,Produce
F-1322-2013,Produce
F-1894-2013,Uncategorized
F-1523-2014,Spices/Condiments
F-1286-2013,Supplements
F-1007-2014,Produce
F-1142-2014,Supplements
F-1919-2013,Supplements
F-0713-2014,Produce
F-0092-2014,Supplements
F-0843-2014,Supplements
F-1104-2014,Prepared/Frozen
F-0337-2014,Produce
F-1850-2013,Dairy
F-1762-2013,Seafood
F-1745-2013,Produce
F-1296-2013,Uncategorized
F-1802-2013,Supplements
F-1511-2014,Spices/Condiments
F-1047-2014,Plant Protein
F-0758-2014,Supplements
F-0089-2014,Supplements
F-0825-2014,Supplements
F-0847-2014,Produce
F-1526-2014,Spices/Condiments
F-0641-2014,Prepared/Frozen
F-0724-2014,Produce
F-0738-2014,Supplements
F-0341-2014,Produce
F-1593-2013,Uncategorized
F-1767-2013,Supplements
F-1818-2013,Spices/Condiments
F-0942-2014,Produce
F-0094-2014,Supplements
F-0332-2014,Produce
F-0718-2014,Produce
F-1404-2013,Nuts/Seeds
F-1504-2014,Spices/Condiments
F-0778-2014,Supplements
F-0222-2014,Grains/Cereal
F-1765-2013,Seafood
F-1530-2014,Spices/Condiments
F-1957-2013,Dairy
F-1349-2013,Prepared/Frozen
F-0569-2014,Produce
F-1893-2013,Bakery
F-0797-2014,Supplements
F-1591-2013,Uncategorized
F-1137-2014,Supplements
F-1532-2014,Spices/Condiments
F-0690-2014,Plant Protein
F-0835-2014,Supplements
F-1446-2014,Produce
F-0845-2014,Produce
F-0716-2015,Produce
F-1503-2014,Spices/Condiments
F-1502-2014,Spices/Condiments
F-0327-2014,Produce
F-1648-2014,Spices/Condiments
F-0088-2014,Dairy
F-0573-2014,Produce
F-0864-2014,Plant Protein
F-0812-2014,Supplements
F-0176-2014,Supplements
F-0791-2014,Supplements
F-1500-2014,Spices/Condiments
F-0579-2014,Produce
F-0325-2014,Produce
F-1640-2013,Plant Protein
F-1642-2014,Supplements
F-1499-2014,Spices/Condiments
F-1026-2014,Produce
F-1527-2104,Spices/Condiments
F-1389-2014,Seafood
F-0510-2015,Produce
F-0687-2014,Produce
F-0640-2014,Prepared/Frozen
F-1960-2013,Supplements
F-1344-2013,Baking Supplies
F-1374-2013,Spices/Condiments
F-0831-2014,Supplements
F-1594-2013,Plant Protein
F-1619-2013,Prepared/Frozen
F-1397-2013,Produce
F-0091-2014,Supplements
F-1813-2013,Spices/Condiments
F-1016-2014,Prepared/Frozen
F-0334-2014,Produce
F-0342-2014,Produce
F-1157-2014,Prepared/Frozen
F-0798-2014,Supplements
F-0350-2014,Supplements
F-0575-2014,Produce
F-1501-2014,Spices/Condiments
F-1498-2014,Spices/Condiments
F-1406-2013,Spices/Condiments
F-0097-2014,Supplements
F-0715-2014,Produce
F-1514-2014,Spices/Condiments
F-0774-2014,Supplements
F-0395-2014,Produce
F-0694-2014,Supplements
F-0448-2014,Plant Protein
F-1763-2013,Seafood
F-1528-2014,Spices/Condiments
F-0712-2014,Produce
F-0788-2014,Supplements
F-1907-2013,Supplements
F-1416-2014,Seafood
F-0589-2014,Plant Protein
F-1804-2013,Nuts/Seeds
F-0182-2014,Snacks/Candy
F-0841-2014,Supplements
F-1132-2014,Supplements
F-1517-2014,Spices/Condiments
F-1518-2014,Spices/Condiments
F-1394-2013,Supplements
F-0080-2015,Non-Food Item
F-0096-2014,Supplements
F-1803-2013,Supplements
F-1558-2013,Bakery
F-1032-2014,Prepared/Frozen
F-1353-2014,Supplements
F-0782-2014,Supplements
F-1966-2013,Beverages
F-1627-2013,Bakery
F-1237-2014,Plant Protein
F-1140-2013,Produce
F-1464-2014,Nuts/Seeds
F-1519-2014,Spices/Condiments
F-1205-2013,Bakery
F-1636-2014,Baking Supplies
F-0958-2014,Produce
F-1736-2013,Grains/Cereal
F-0728-2014,Produce
F-0839-2014,Supplements
F-1513-2014,Spices/Condiments
F-0381-2014,Supplements
F-2401-2014,Supplements
F-1507-2014,Spices/Condiments
F-1235-2014,Plant Protein
F-0572-2014,Produce
F-1442-2014,Grains/Cereal
F-0708-2014,Produce
F-1490-2014,Spices/Condiments
F-0779-2014,Supplements
F-1383-2014,Plant Protein
F-1497-2014,Spices/Condiments
F-0807-2014,Supplements
F-1144-2014,Supplements
F-1155-2014,Prepared/Frozen
F-1345-2013,Baking Supplies
F-1320-2013,Snacks/Candy
F-1738-2013,Nuts/Seeds
F-1592-2013,Uncategorized
F-0786-2014,Supplements
F-1287-2013,Supplements
F-0828-2014,Bakery
F-1227-2014,Plant Protein
F-0719-2014,Produce
F-0844-2014,Snacks/Candy
F-0394-2014,Produce
F-0842-2014,Supplements
F-0832-2014,Supplements
F-0333-2014,Produce
F-0588-2014,Plant Protein
F-1240-2014,Plant Protein
F-0340-2014,Produce
F-1964-2013,Supplements
F-1388-2014,Seafood
F-0849-2014,Plant Protein
F-1865-2013,Seafood
F-0968-2013,Produce
F-1506-2014,Spices/Condiments
F-1645-2013,Prepared/Frozen
F-1542-2013,Spices/Condiments
F-0840-2014,Supplements
F-0435-2014,Plant Protein
F-1145-2014,Supplements
F-1640-2014,Supplements
F-0716-2014,Produce
F-0761-2014,Supplements
F-0472-2014,Produce
F-1073-2014,Plant Protein
F-1696-2013,Snacks/Candy
F-1407-2013,Spices/Condiments
F-0084-2014,Produce
F-0888-2014,Plant Protein
F-0711-2014,Produce
F-1734-2013,Nuts/Seeds
F-1525-2014,Spices/Condiments
F-1505-2014,Spices/Condiments
F-1637-2014,Supplements
F-1005-2014,Prepared/Frozen
F-1065-2014,Produce
F-0583-2014,Plant Protein
F-1226-2014,Prepared/Frozen
F-0917-2013,Beverages
F-1816-2013,Spices/Condiments
F-0329-2014,Produce
F-1209-2013,Snacks/Candy
F-1515-2014,Spices/Condiments
F-1685-2013,Nuts/Seeds
F-0717-2014,Produce
F-1556-2013,Bakery
F-1191-2014,Plant Protein
F-1085-2014,Produce
F-0781-2014,Supplements
F-1638-2014,Supplements
F-1522-2014,Spices/Condiments
F-1918-2013,Supplements
F-0691-2014,Supplements
F-0592-2014,Plant Protein
F-1455-2014,Supplements
F-1342-2014,Prepared/Frozen
F-0455-201,Produce
F-1555-2013,Bakery
F-1529-2014,Spices/Condiments
F-1929-2013,Supplements
F-0846-2014,Produce
F-0991-2014,Produce
F-1232-2014,Plant Protein
F-0336-2014,Produce
F-1589-2013,Grains/Cereal
F-1347-2014,Supplements
F-0104-2017,Supplements
F-2409-2014,Spices/Condiments
F-2517-2014,Supplements
F-0797-2015,Dairy
F-0106-2017,Supplements
F-1906-2014,Grains/Cereal
F-2538-2014,Grains/Cereal
F-0100-2017,Supplements
F-1272-2015,Prepared/Frozen
F-0094-2015,Produce
F-1907-2014,Grains/Cereal
F-0497-2015,Supplements
F-1621-2014,Bakery
F-1335-2015,Spices/Condiments
F-1900-2014,Grains/Cereal
F-1344-2015,Beef/Pork/Poultry/Game Meats
F-1791-2014,Dairy
F-2332-2014,Spices/Condiments
F-0576-2015,Uncategorized
F-0516-2015,Bakery
F-1910-2014,Grains/Cereal
F-0508-2015,Produce
F-1288-2015,Prepared/Frozen
F-0538-2015,Nuts/Seeds
F-0956-2015,Spices/Condiments
F-0958-2015,Spices/Condiments
F-1815-2014,Dairy
F-2016-2015,Snacks/Candy
F-0098-2017,Supplements
F-2255-2014,Supplements
F-2262-2014,Supplements
F-1694-2014,Prepared/Frozen
F-2077-2014,Spices/Condiments
F-2279-2014,Supplements
F-1816-2014,Plant Protein
F-0503-2015,Snacks/Candy
F-0445-2017,Spices/Condiments
F-2085-2014,Produce
F-2331-2014,Snacks/Candy
F-1897-2014,Grains/Cereal
F-0539-2015,Nuts/Seeds
F-1985-2014,Beverages
F-0500-2015,Snacks/Candy
F-1895-2014,Grains/Cereal
F-0922-2015,Prepared/Frozen
F-0693-2015,Dairy
F-0010-2015,Bakery
F-2227-2014,Grains/Cereal
F-0703-2015,Produce
F-0446-2017,Spices/Condiments
F-2437-2014,Supplements
F-1685-2014,Supplements
F-1891-2014,Grains/Cereal
F-2276-2014,Supplements
F-2285-2014,Supplements
F-1880-2014,Spices/Condiments
F-1310-2015,Spices/Condiments
F-0520-2015,Bakery
F-0097-2017,Supplements
F-1271-2015,Dairy
F-1605-2014,Beef/Pork/Poultry/Game Meats
F-2172-2014,Grains/Cereal
F-0524-2015,Bakery
F-2416-2015,Supplements
F-2179-2014,Supplements
F-2245-2014,Supplements
F-1376-2015,Spices/Condiments
F-1898-2014,Grains/Cereal
F-2177-2014,Supplements
F-0514-2015,Bakery
F-1894-2014,Grains/Cereal
F-2334-2014,Spices/Condiments
F-2532-2014,Plant Protein
F-2436-2014,Supplements
F-2304-2014,Spices/Condiments
F-2060-2014,Dairy
F-1987-2014,Spices/Condiments
F-0093-2017,Supplements
F-1899-2014,Grains/Cereal
F-1780-2014,Dairy
F-1478-2014,Grains/Cereal
F-2414-2015,Supplements
F-0075-2015,Prepared/Frozen
F-2266-2014,Supplements
F-0750-2015,Bakery
F-2178-2014,Supplements
F-2274-2014,Supplements
F-0742-2015,Supplements
F-0517-2015,Bakery
F-1695-2014,Prepared/Frozen
F-2516-2014,Supplements
F-2253-2014,Supplements
F-0749-2015,Spices/Condiments
F-2243-2014,Supplements
F-1603-2014,Produce
F-0471-2015,Grains/Cereal
F-1911-2014,Grains/Cereal
F-1943-2014,Spices/Condiments
F-1380-2015,Supplements
F-2280-2014,Supplements
F-1890-2014,Grains/Cereal
F-0959-2015,Spices/Condiments
F-0103-2017,Supplements
F-2249-2014,Supplements
F-0473-2015,Spices/Condiments
F-2435-2014,Supplements
F-2254-2014,Supplements
F-2330-2014,Snacks/Candy
F-1375-2015,Spices/Condiments
F-1450-2014,Produce
F-0702-2015,Produce
F-0469-2015,Nuts/Seeds
F-1408-2015,Snacks/Candy
F-2252-2014,Supplements
F-1908-2014,Grains/Cereal
F-0300-2016,Prepared/Frozen
F-2282-2014,Supplements
F-0643-2015,Produce
F-2242-2014,Supplements
F-1294-2015,Prepared/Frozen
F-0768-2015,Seafood
F-1912-2014,Grains/Cereal
F-1534-2014,Prepared/Frozen
F-2278-2014,Supplements
F-1326-2015,Spices/Condiments
F-0787-2015,Snacks/Candy
F-2819-2015,Plant Protein
F-0502-2015,Snacks/Candy
F-2052-2014,Produce
F-2088-2014,Beverages
F-0009-2015,Bakery
F-0076-2015,Bakery
F-0450-2017,Spices/Condiments
F-1782-2014,Dairy
F-0638-2015,Bakery
F-2205-2014,Uncategorized
F-2410-2014,Spices/Condiments
F-2415-2015,Supplements
F-2265-2014,Supplements
F-2261-2014,Supplements
F-0682-2015,Beverages
F-0832-2015,Prepared/Frozen
F-2260-2014,Supplements
F-1904-2014,Grains/Cereal
F-2006-2014,Dairy
F-2029-2014,Spices/Condiments
F-2250-2014,Supplements
F-2483-2014,Nuts/Seeds
F-0978-2015,Spices/Condiments
F-1449-2014,Produce
F-0101-2015,Spices/Condiments
F-0867-2015,Prepared/Frozen
F-2269-2014,Supplements
F-1784-2014,Dairy
F-1549-2014,Prepared/Frozen
F-1901-2014,Grains/Cereal
F-1312-2015,Spices/Condiments
F-1886-2014,Dairy
F-2281-2014,Supplements
F-2284-2014,Supplements
F-0566-2015,Grains/Cereal
F-2415-2014,Spices/Condiments
F-0099-2015,Snacks/Candy
F-2258-2014,Supplements
F-0449-2017,Spices/Condiments
F-0092-2015,Nuts/Seeds
F-1319-2015,Spices/Condiments
F-0582-2015,Uncategorized
F-2277-2014,Supplements
F-0569-2015,Prepared/Frozen
F-1374-2015,Spices/Condiments
F-2305-2014,Produce
F-2043-2014,Non-Food Item
F-2004-2014,Spices/Condiments
F-2061-2014,Supplements
F-1902-2014,Grains/Cereal
F-2248-2014,Supplements
F-2264-2014,Supplements
F-2244-2014,Supplements
F-1557-2014,Produce
F-1788-2014,Dairy
F-2247-2014,Supplements
F-2256-2014,Supplements
F-1909-2014,Grains/Cereal
F-1320-2015,Spices/Condiments
F-2407-2014,Nuts/Seeds
F-0025-2015,Spices/Condiments
F-2056-2014,Seafood
F-1558-2014,Produce
F-1477-2014,Supplements
F-1896-2014,Grains/Cereal
F-2329-2014,Snacks/Candy
F-1903-2014,Grains/Cereal
F-0102-2017,Supplements
F-1883-2015,Spices/Condiments
F-2525-2014,Plant Protein
F-1968-2014,Prepared/Frozen
F-2015-2015,Snacks/Candy
F-2523-2014,Plant Protein
F-1892-2014,Grains/Cereal
F-2396-2014,Nuts/Seeds
F-1494-2014,Prepared/Frozen
F-2515-2014,Supplements
F-2190-2014,Bakery
F-0108-2017,Supplements
F-1311-2015,Spices/Condiments
F-2527-2014,Plant Protein
F-0008-2015,Bakery
F-2091-2014,Spices/Condiments
F-1495-2014,Prepared/Frozen
F-2246-2014,Supplements
F-0772-2015,Produce
F-1889-2014,Grains/Cereal
F-1905-2014,Grains/Cereal
F-0042-2015,Spices/Condiments
F-0455-2015,Produce
F-0977-2015,Spices/Condiments
F-0710-2015,Supplements
F-0911-2015,Produce
F-2528-2014,Plant Protein
F-2014-2015,Snacks/Candy
F-1876-2015,Spices/Condiments
F-0470-2015,Grains/Cereal
F-0453-2017,Spices/Condiments
F-1548-2014,Prepared/Frozen
F-1946-2015,Supplements
F-0724-2015,Bakery
F-2251-2014,Supplements
F-0919-2015,Prepared/Frozen
F-0515-2015,Bakery
F-1277-2015,Prepared/Frozen
F-2271-2014,Supplements
F-0105-2017,Supplements
F-1592-2014,Beverages
F-0107-2017,Supplements
F-1747-2014,Bakery
F-0754-2015,Beverages
F-2263-2014,Supplements
F-1893-2014,Grains/Cereal
F-1324-2015,Spices/Condiments
F-2283-2014,Supplements
F-2170-2014,Produce
F-2943-2015,Supplements
F-1318-2015,Spices/Condiments
F-0769-2015,Nuts/Seeds
F-1229-2015,Prepared/Frozen
F-1783-2014,Dairy
F-0018-2015,Supplements
F-2402-2014,Spices/Condiments
F-1781-2014,Dairy
F-1681-2015,Supplements
F-0533-2016,Seafood
F-0285-2016,Produce
F-1702-2015,Supplements
F-1587-2015,Supplements
F-2400-2015,Supplements
F-2190-2015,Spices/Condiments
F-0087-2016,Dairy
F-2466-2015,Dairy
F-0176-2016,Nuts/Seeds
F-1737-2015,Supplements
F-1706-2015,Supplements
F-2399-2015,Supplements
F-0376-2016,Dairy
F-0157-2016,Nuts/Seeds
F-1995-2015,Spices/Condiments
F-0150-2016,Nuts/Seeds
F-1714-2015,Supplements
F-0464-2016,Spices/Condiments
F-2766-2015,Beverages
F-0437-2016,Baking Supplies
F-1964-2016,Seafood
F-3235-2015,Dairy
F-1732-2015,Supplements
F-0319-2016,Snacks/Candy
F-2365-2015,Plant Protein
F-2926-2015,Dairy
F-2674-2015,Dairy
F-1662-2015,Supplements
F-0412-2016,Produce
F-1850-2015,Spices/Condiments
F-3263-2015,Baking Supplies
F-2494-2015,Dairy
F-1707-2015,Supplements
F-0317-2016,Snacks/Candy
F-0852-2016,Grains/Cereal
F-3264-2015,Baking Supplies
F-1787-2015,Nuts/Seeds
F-2923-2015,Prepared/Frozen
F-1909-2015,Prepared/Frozen
F-0423-2016,Snacks/Candy
F-0347-2016,Plant Protein
F-2597-2015,Dairy
F-2932-215,Bakery
F-2500-2015,Dairy
F-2223-2015,Spices/Condiments
F-2498-2015,Dairy
F-2204-2015,Bakery
F-2885-2015,Dairy
F-0154-2016,Nuts/Seeds
F-1665-2015,Supplements
F-0847-2016,Grains/Cereal
F-0421-2016,Grains/Cereal
F-1771-2015,Supplements
F-2237-2015,Plant Protein
F-2924-2015,Prepared/Frozen
F-1713-2015,Supplements
F-2502-2015,Dairy
F-0596-2016,Bakery
F-1739-2015,Supplements
F-0088-2016,Dairy
F-0132-2016,Spices/Condiments
F-2783-2015,Beef/Pork/Poultry/Game Meats
F-1710-2015,Supplements
F-1663-2015,Supplements
F-2170-2015,Dairy
F-1733-2015,Supplements
F-148-2016,Plant Protein
F-0194-2016,Spices/Condiments
F-0438-2016,Baking Supplies
F-2927-2015,Prepared/Frozen
F-1429-2015,Produce
F-0499-2016,Spices/Condiments
F-0069-2016,Dairy
F-0846-2016,Grains/Cereal
F-3262-2015,Baking Supplies
F-1696-2015,Supplements
F-0873-2016,Grains/Cereal
F-0409-2016,Baking Supplies
F-2396-2015,Supplements
F-1098-2017,Spices/Condiments
F-0413-2016,Bakery
F-1654-2015,Supplements
F-3043-2015,Spices/Condiments
F-2501-2015,Dairy
F-0232-2016,Bakery
F-1742-2015,Supplements
F-1666-2015,Supplements
F-0375-2016,Dairy
F-0806-2016,Grains/Cereal
F-1774-2015,Supplements
F-2088-2015,Produce
F-2730-2015,Dairy
F-0402-2016,Baking Supplies
F-0963-2017,Supplements
F-1412-2015,Spices/Condiments
F-2228-2015,Prepared/Frozen
F-1734-2015,Supplements
F-0411-2016,Snacks/Candy
F-2239-2015,Prepared/Frozen
F-1729-2015,Supplements
F-0239-2016,Bakery
F-0128-2016,Produce
F-2936-2015,Bakery
F-0410-2016,Spices/Condiments
F-1712-2015,Supplements
F-0845-2016,Grains/Cereal
F-2263-2015,Nuts/Seeds
F-0237-2016,Bakery
F-2944-2015,Grains/Cereal
F-1857-2015,Beverages
F-2300-2015,Snacks/Candy
F-1379-2015,Spices/Condiments
F-1743-2015,Supplements
F-0938-2017,Supplements
F-2965-2015,Prepared/Frozen
F-0467-2016,Snacks/Candy
F-2488-2015,Dairy
F-2935-2015,Produce
F-3265-2015,Baking Supplies
F-1651-2015,Supplements
F-2189-2015,Spices/Condiments
F-1736-2015,Supplements
F-1942-2015,Spices/Condiments
F-1070-2016,Snacks/Candy
F-0217-2016,Produce
F-0959-2017,Supplements
F-1941-2015,Spices/Condiments
F-1729-2017,Seafood
F-0439-2016,Baking Supplies
F-1789-2015,Spices/Condiments
F-1701-2015,Supplements
F-1997-2015,Spices/Condiments
F-0153-2016,Nuts/Seeds
F-1768-2015,Supplements
F-0374-2016,Dairy
F-2485-2015,Dairy
F-0875-2016,Bakery
F-0234-2016,Bakery
F-0286-2016,Produce
F-0401-2016,Baking Supplies
F-0152-2016,Nuts/Seeds
F-3045-2015,Spices/Condiments
F-1757-2015,Supplements
F-0406-2016,Baking Supplies
F-1524-2017,Bakery
F-3266-2015,Baking Supplies
F-3245-2015,Supplements
F-1776-2015,Supplements
F-0061-2016,Supplements
F-1657-2015,Supplements
F-0400-2016,Baking Supplies
F-0458-2016,Grains/Cereal
F-0855-2016,Grains/Cereal
F-2164-2015,Uncategorized
F-0346-2016,Plant Protein
F-1700-2015,Supplements
F-2953-2015,Supplements
F-2922-2015,Prepared/Frozen
F-0076-2016,Dairy
F-1852-2015,Spices/Condiments
F-1720-2015,Supplements
F-0460-2016,Grains/Cereal
F-1727-2017,Seafood
F-1029-2015,Plant Protein
F-0408-2016,Baking Supplies
F-1694-2015,Supplements
F-1764-2015,Supplements
F-1697-2015,Supplements
F-1752-2015,Supplements
F-2260-2015,Nuts/Seeds
F-1669-2015,Supplements
F-1659-2015,Supplements
F-0404-2016,Baking Supplies
F-0147-2016,Grains/Cereal
F-0528-2016,Produce
F-2032-2015,Spices/Condiments
F-2048-2015,Spices/Condiments
F-3257-2015,Supplements
F-2266-2015,Nuts/Seeds
F-0966-2017,Supplements
F-2192-2015,Spices/Condiments
F-2235-2015,Prepared/Frozen
F-0175-2016,Nuts/Seeds
F-1727-2015,Supplements
F-1754-2015,Supplements
F-3260-2015,Baking Supplies
F-2244-2015,Plant Protein
F-1751-2015,Supplements
F-1939-2015,Bakery
F-2200-2015,Snacks/Candy
F-2401-2015,Supplements
F-2387-2015,Spices/Condiments
F-2702-2015,Supplements
F-2217-2015,Prepared/Frozen
F-1426-2015,Bakery
F-1586-2015,Supplements
F-2205-2015,Bakery
F-1678-2015,Supplements
F-1745-2015,Supplements
F-0498-2016,Spices/Condiments
F-1091-2017,Spices/Condiments
F-0079-2016,Dairy
F-2722-2015,Dairy
F-2675-2015,Dairy
F-1447-2015,Dairy
F-0233-2016,Bakery
F-2096-2015,Plant Protein
F-0238-2016,Bakery
F-1695-2015,Supplements
F-1202-2015,Supplements
F-2972-2015,Bakery
F-1728-2015,Supplements
F-1863-2015,Bakery
F-0854-2016,Grains/Cereal
F-1767-2015,Supplements
F-074-2016,Nuts/Seeds
F-1693-2015,Supplements
F-1759-2015,Supplements
F-1645-2015,Supplements
F-1853-2015,Spices/Condiments
F-1769-2015,Supplements
F-1640-2015,Supplements
F-1197-2015,Bakery
F-1762-2015,Supplements
F-1709-2015,Supplements
F-1725-2015,Supplements
F-0856-2016,Grains/Cereal
F-1744-2015,Supplements
F-1092-2016,Grains/Cereal
F-0073-2016,Dairy
F-1948-2015,Non-Food Item
F-1039-2015,Spices/Condiments
F-0348-2016,Plant Protein
F-0461-2016,Grains/Cereal
F-2188-2015,Spices/Condiments
F-2723-2015,Dairy
F-0418-2016,Spices/Condiments
F-2150-2015,Produce
F-1964-2015,Bakery
F-1849-2015,Spices/Condiments
F-3261-2015,Baking Supplies
F-1078-2016,Bakery
F-0236-2016,Bakery
F-1993-2015,Spices/Condiments
F-0001-2016,Produce
F-2961-2015,Dairy
F-1960-2016,Seafood
F-1755-2015,Supplements
F-2482-2015,Dairy
F-0459-2016,Grains/Cereal
F-1705-2015,Supplements
F-2960-2015,Spices/Condiments
F-2230-2015,Plant Protein
F-0579-2016,Seafood
F-2676-2015,Dairy
F-0403-2016,Baking Supplies
F-2598-2015,Dairy
F-0151-2016,Nuts/Seeds
F-1079-2016,Bakery
F-0155-2016,Nuts/Seeds
F-0314-2016,Snacks/Candy
F-2510-2015,Dairy
F-2394-2015,Supplements
F-2226-2015,Prepared/Frozen
F-2296-2015,Snacks/Candy
F-1726-2015,Supplements
F-1444-2015,Dairy
F-1207-2015,Nuts/Seeds
F-0407-2016,Baking Supplies
F-0422-2016,Snacks/Candy
F-1972-2015,Spices/Condiments
F-0405-2016,Baking Supplies
F-1763-2015,Supplements
F-0320-2016,Snacks/Candy
F-2089-2015,Produce
F-1658-2015,Supplements
F-2316-2015,Spices/Condiments
F-1951-2016,Seafood
F-0939-2017,Supplements
F-1773-2015,Supplements
F-2330-2015,Beef/Pork/Poultry/Game Meats
F-1926-2015,Prepared/Frozen
F-0156-2016,Nuts/Seeds
F-2012-2015,Grains/Cereal
F-1723-2015,Supplements
F-1747-2015,Supplements
F-1746-2015,Supplements
F-1738-2015,Supplements
F-1864-2015,Spices/Condiments
F-0914-2017,Supplements
F-3259-2015,Baking Supplies
F-1404-2015,Bakery
F-1644-2015,Supplements
F-1664-2015,Supplements
F-2366-2015,Plant Protein
F-2967-2015,Prepared/Frozen
F-2219-2015,Prepared/Frozen
F-0934-2017,Supplements
F-1687-2015,Supplements
F-2966-2015,Prepared/Frozen
F-2191-2015,Spices/Condiments
F-1750-2015,Supplements
F-1677-2015,Supplements
F-1446-2015,Dairy
F-2051-2015,Spices/Condiments
F-0414-2016,Bakery
F-0075-2016,Dairy
F-1728-2017,Seafood
F-1077-2016,Bakery
F-1668-2015,Supplements
F-1722-2015,Supplements
F-0316-2016,Snacks/Candy
F-2098-2015,Plant Protein
F-1770-2015,Supplements
F-1944-2015,Snacks/Candy
F-2508-2015,Dairy
F-0351-2016,Produce
F-1638-2015,Supplements
F-2246-2015,Prepared/Frozen
F-0860-2016,Grains/Cereal
F-1703-2015,Supplements
F-1730-2015,Supplements
F-1731-2015,Supplements
F-2509-2015,Dairy
F-0587-2016,Bakery
F-0699-2017,Nuts/Seeds
F-1636-2016,Plant Protein
F-1041-2016,Supplements
F-2433-2016,Nuts/Seeds
F-0845-2017,Produce
F-0890-2017,Produce
F-1163-2017,Produce
F-1337-2017,Grains/Cereal
F1734-2016,Bakery
F-1534-2017,Dairy
F-0613-2017,Seafood
F-0462-2017,Produce
F-0818-2016,Nuts/Seeds
F-1037-2016,Plant Protein
F-1240-2016,Nuts/Seeds
F-1403-2017,Uncategorized
F-0483-2017,Supplements
F-1689-2016,Produce
F-0367-2017,Baking Supplies
F-2281-2016,Produce
F-1327-2016,Plant Protein
F-0200-2017,Spices/Condiments
F-1486-2016,Uncategorized
F-0542-2017,Bakery
F-2079-2016,Spices/Condiments
F-0603-2017,Dairy
F-0545-2017,Bakery
F-1997-2016,Produce
F-1329-2016,Plant Protein
F-2012-2016,Produce
F-1989-2016,Seafood
F-1414-2017,Uncategorized
F-1406-2017,Uncategorized
F-0615-2017,Grains/Cereal
F-0836-2017,Produce
F-1740-2016,Nuts/Seeds
F-2448-2016,Nuts/Seeds
F-1309-2017,Bakery
F-0714-2017,Produce
F-1250-2017,Grains/Cereal
F-1582-2016,Spices/Condiments
F-0248-2017,Seafood
F-2422-2016,Nuts/Seeds
F-1747-2016,Nuts/Seeds
F-2414-2016,Nuts/Seeds
F-2411-2016,Nuts/Seeds
F-2336-2016,Supplements
F-2279-2016,Produce
F-2378-2016,Nuts/Seeds
F-1692-2016,Produce
F-0332-2017,Supplements
F-1404-2017,Uncategorized
F-1467-2017,Plant Protein
F-0947-2017,Produce
F-0199-2017,Spices/Condiments
F-1307-2017,Beverages
F-2077-2016,Supplements
F-1207-2017,Spices/Condiments
F-0292-2017,Bakery
F-0515-2017,Grains/Cereal
F-1674-2016,Snacks/Candy
F-1537-2017,Produce
F-1389-2017,Uncategorized
F-1399-2017,Uncategorized
F-0511-2017,Grains/Cereal
F-0581-2017,Bakery
F-1442-2017,Bakery
F-2459-2016,Nuts/Seeds
F-0962-2016,Beef/Pork/Poultry/Game Meats
F-2151-2016,Seafood
F-0955-2016,Beef/Pork/Poultry/Game Meats
F-0360-2017,Baking Supplies
F-1028-2016,Produce
F-1300-2017,Snacks/Candy
F-1279-2017,Beverages
F-1426-2017,Produce
F-1872-2016,Spices/Condiments
F-0582-2017,Bakery
F-1538-2017,Dairy
F-1711-2016,Snacks/Candy
F-0123-2017,Prepared/Frozen
F-0532-2017,Snacks/Candy
F-2335-2016,Supplements
F-0356-2017,Baking Supplies
F-1243-2016,Nuts/Seeds
F-0702-2017,Nuts/Seeds
F-1324-2016,Supplements
F-0179-2017,Grains/Cereal
F-0835-2017,Produce
F-0945-2016,Beef/Pork/Poultry/Game Meats
F-1249-2016,Produce
F-1399-2016,Supplements
F-0277-2017,Dairy
F-1097-2016,Produce
F-0684-2017,Produce
F-0403-2017,Produce
F-2441-2016,Produce
F-1613-2016,Bakery
F-0207-2017,Spices/Condiments
F-2231-2016,Produce
F-1644-2016,Plant Protein
F-2066-2016,Supplements
F-1209-2017,Spices/Condiments
F-2358-2016,Prepared/Frozen
F-0466-2017,Produce
F-0842-2017,Produce
F-0851-2017,Produce
F-2033-2016,Beef/Pork/Poultry/Game Meats
F-0183-2017,Prepared/Frozen
F-0724-2017,Beverages
F-2235-2016,Produce
F-1614-2016,Bakery
F-1546-2016,Snacks/Candy
F-0989-2016,Beef/Pork/Poultry/Game Meats
F-1040-2016,Plant Protein
F-2320-2016,Nuts/Seeds
F-2285-2016,Snacks/Candy
F-1411-2017,Uncategorized
F-0500-2017,Supplements
F-0946-2017,Uncategorized
F-0994-2016,Prepared/Frozen
F-2091-2016,Prepared/Frozen
F-1743-2016,Nuts/Seeds
F-2100-2016,Uncategorized
F-1737-2016,Bakery
F-0754-2016,Spices/Condiments
F-2379-2016,Supplements
F-0601-2017,Dairy
F-0350-2017,Seafood
F-1839-2016,Produce
F-0932-2020,Plant Protein
F-1412-2017,Uncategorized
F-1408-2017,Uncategorized
F-0953-2016,Beef/Pork/Poultry/Game Meats
F-0841-2017,Produce
F-1401-2017,Uncategorized
F-2331-2016,Spices/Condiments
F-0494-2017,Supplements
F-1745-2016,Nuts/Seeds
F-1736-2016,Snacks/Candy
F-0507-2017,Grains/Cereal
F-0488-2017,Supplements
F-1047-2016,Snacks/Candy
F-2140-2016,Baking Supplies
F-0703-2017,Nuts/Seeds
F-0364-2017,Baking Supplies
F-1422-2017,Supplements
F-0741-2016,Grains/Cereal
F-2073-2016,Supplements
F-0943-2016,Beef/Pork/Poultry/Game Meats
F-0931-2020,Plant Protein
F-1241-2016,Nuts/Seeds
F-2383-2016,Beverages
F-1752-2017,Dairy
F-0491-2017,Supplements
F-0485-2017,Supplements
F-0205-2017,Spices/Condiments
F-1829-2106,Snacks/Candy
F-1204-2017,Spices/Condiments
F-0725-2017,Beverages
F-0278-2017,Dairy
F-1991-2017,Bakery
F-0941-2017,Spices/Condiments
F-0986-2016,Beef/Pork/Poultry/Game Meats
F-0484-2017,Supplements
F-0287-2017,Bakery
F-2333-2016,Supplements
F-1741-2016,Nuts/Seeds
F-0361-2017,Baking Supplies
F-1098-2016,Produce
F-1847-2016,Spices/Condiments
F-2643-2016,Beverages
F-0937-2016,Beef/Pork/Poultry/Game Meats
F-1267-2017,Nuts/Seeds
F-2076-2016,Supplements
F-0362-2017,Baking Supplies
F-0194-2017,Spices/Condiments
F-1335-2016,Food Additives/Ingredients
F-2315-2016,Nuts/Seeds
F-0051-2017,Snacks/Candy
F-1547-2016,Snacks/Candy
F-2096-2016,Beverages
F-0993-2016,Prepared/Frozen
F-0324-2017,Spices/Condiments
F-1162-2017,Produce
F-1998-2016,Supplements
F-0359-2017,Baking Supplies
F-0837-2017,Produce
F-0784-2016,Food Additives/Ingredients
F-1398-2017,Uncategorized
F-1401-2016,Supplements
F-1683-2016,Grains/Cereal
F-0641-2017,Bakery
F-1402-2017,Uncategorized
F-2455-2016,Nuts/Seeds
F-1535-2017,Produce
F-0490-2017,Supplements
F-1265-2016,Dairy
F-1817-2016,Produce
F-2380-2016,Supplements
F-1420-2017,Supplements
F-1563-2016,Supplements
F-1395-2017,Uncategorized
F-1042-2016,Produce
F-0647-2017,Prepared/Frozen
F-2368-2016,Produce
F-1413-2016,Produce
F-0965-2016,Prepared/Frozen
F-2068-2016,Supplements
F-1306-2016,Bakery
F-0375-2017,Produce
F-0541-2017,Bakery
F-2065-2016,Supplements
F-1597-2016,Produce
F-0522-2017,Bakery
F-1895-2016,Bakery
F-0291-2017,Bakery
F-0189-2017,Beverages
F-1675-2016,Snacks/Candy
F-1639-2016,Plant Protein
F-0122-2017,Prepared/Frozen
F-1259-2016,Prepared/Frozen
F-1256-2017,Bakery
F-0492-2017,Supplements
F-1640-2016,Plant Protein
F-1813-2016,Produce
F-0963-2016,Beef/Pork/Poultry/Game Meats
F-1869-2016,Supplements
F-1814-2016,Plant Protein
F-2381-2016,Supplements
F-1831-2016,Snacks/Candy
F-1069-2016,Supplements
F-2075-2016,Supplements
F-0482-2017,Supplements
F-1428-2016,Nuts/Seeds
F-1257-2017,Bakery
F-2451-2016,Nuts/Seeds
F-1548-2016,Snacks/Candy
F-1466-2017,Baking Supplies
F-0493-2017,Supplements
F-0590-2016,Bakery
F-2376-2016,Produce
F-0931-2016,Beef/Pork/Poultry/Game Meats
F-1282-2017,Bakery
F-0489-2017,Supplements
F-2370-2016,Produce
F-0838-2017,Produce
F-0480-2017,Snacks/Candy
F-0068-2017,Bakery
F-1413-2017,Uncategorized
F-1410-2017,Uncategorized
F-0201-2017,Spices/Condiments
F-1423-2017,Supplements
F-2036-2016,Produce
F-0548-2017,Bakery
F-2426-2016,Nuts/Seeds
F-2074-2016,Supplements
F-1638-2016,Plant Protein
F-0487-2017,Supplements
F-0486-2017,Supplements
F-0323-2017,Produce
F-0834-2017,Produce
F-0964-2016,Prepared/Frozen
F-1212-2017,Spices/Condiments
F-0850-2017,Produce
F-2067-2016,Supplements
F-2025-2016,Prepared/Frozen
F-0358-2017,Baking Supplies
F-0948-2017,Produce
F-1415-2017,Uncategorized
F-0753-2016,Spices/Condiments
F-0396-2017,Produce
F-1216-2017,Spices/Condiments
F-1167-2017,Bakery
F-1253-2016,Spices/Condiments
F-0281-2017,Spices/Condiments
F-1832-2016,Snacks/Candy
F-0357-2017,Baking Supplies
F-2366-2016,Produce
F-1809-2016,Plant Protein
F-1672-2016,Snacks/Candy
F-2277-2016,Nuts/Seeds
F-1255-2016,Prepared/Frozen
F-0762-2017,Supplements
F-0694-2017,Nuts/Seeds
F-0203-2017,Spices/Condiments
F-1811-2016,Produce
F-1833-2016,Snacks/Candy
F-1388-2017,Uncategorized
F-0510-2017,Grains/Cereal
F-1479-2016,Uncategorized
F-1164-2017,Prepared/Frozen
F-1205-2017,Spices/Condiments
F-1416-2017,Uncategorized
F-1396-2017,Uncategorized
F-0988-2016,Beef/Pork/Poultry/Game Meats
F-2322-2016,Nuts/Seeds
F-0430-2017,Dairy
F-0288-2017,Bakery
F-1742-2016,Nuts/Seeds
F-0145-2017,Prepared/Frozen
F-0499-2017,Supplements
F-0497-2017,Supplements
F-1463-2017,Baking Supplies
F-2443-2016,Nuts/Seeds
F-0366-2017,Baking Supplies
F-2078-2016,Supplements
F-0456-2017,Bakery
F-1121-2016,Spices/Condiments
F-1096-2016,Produce
F-1417-2017,Uncategorized
F-2343-2016,Snacks/Candy
F-2319-2016,Nuts/Seeds
F-0008-2017,Spices/Condiments
F-2401-2016,Produce
F-0195-2017,Spices/Condiments
F-2308-2016,Nuts/Seeds
F-2098-2016,Prepared/Frozen
F-1241-2017,Seafood
F-1764-2016,Snacks/Candy
F-0365-2017,Baking Supplies
F-2069-2016,Supplements
F-0495-2017,Supplements
F-0180-2017,Grains/Cereal
F-1239-2016,Nuts/Seeds
F-1224-2017,Grains/Cereal
F-2445-2016,Nuts/Seeds
F-1003-2016,Supplements
F-0363-2017,Baking Supplies
F-1259-2017,Bakery
F-1138-2017,Dairy
F-1671-2016,Snacks/Candy
F-1038-2016,Plant Protein
F-1405-2017,Uncategorized
F-1754-2017,Dairy
F-0840-2017,Produce
F-0588-2016,Bakery
F-0574-2016,Snacks/Candy
F-1587-2016,Produce
F-0720-2017,Prepared/Frozen
F-0849-2017,Produce
F-0467-2017,Bakery
F-1026-2016,Prepared/Frozen
F-1541-2017,Dairy
F-1397-2017,Uncategorized
F-2334-2016,Supplements
F-1421-2017,Supplements
F-1309-2016,Seafood
F-0196-2017,Spices/Condiments
F-0496-2017,Supplements
F-0752-2016,Spices/Condiments
F-0605-2017,Dairy
F-0621-2017,Produce
F-1136-2017,Dairy
F-0591-2016,Bakery
F-0768-2017,Produce
F-0461-2017,Bakery
F-2005-2016,Food Additives/Ingredients
F-1744-2016,Nuts/Seeds
F-0563-2016,Bakery
F-0830-2017,Seafood
F-2371-2016,Produce
F-1691-2016,Produce
F-1308-2016,Nuts/Seeds
F-2642-2016,Beverages
F-2318-2016,Nuts/Seeds
F-1336-2017,Grains/Cereal
F-1307-2016,Bakery
F-1419-2017,Supplements
F-0202-2017,Spices/Condiments
F-3116-2017,Grains/Cereal
F-1994-2017,Snacks/Candy
F-3606-2017,Produce
F-1502-2017,Snacks/Candy
F-3175-2017,Grains/Cereal
F-3608-2017,Produce
F-2617-2017,Snacks/Candy
F-3238-2017,Grains/Cereal
F-3165-2017,Grains/Cereal
F-3299-2017,Grains/Cereal
F-3101-2017,Grains/Cereal
F-3075-2017,Grains/Cereal
F-3173-2017,Grains/Cereal
F-3414-2017,Produce
F-2306-2017,Prepared/Frozen
F-1498-2017,Snacks/Candy
F-3154-2017,Grains/Cereal
F-3000-2017,Grains/Cereal
F-1819-2017,Supplements
F-1822-2017,Supplements
F-2403-2017,Supplements
F-3172-2017,Grains/Cereal
F-3117-2017,Grains/Cereal
F-0445-2018,Nuts/Seeds
F-2553-2017,Seafood
F-3433-2017,Prepared/Frozen
F-2645-2017,Seafood
F-3568-2017,Spices/Condiments
F-2844-2017,Produce
F-1846-2017,Dairy
F-0622-2018,Supplements
F-3302-2017,Grains/Cereal
F-3169-2017,Grains/Cereal
F-0478-2018,Plant Protein
F-3064-2017,Grains/Cereal
F-0476-2018,Dairy
F-3293-2017,Grains/Cereal
F-0588-2018,Snacks/Candy
F-0630-2018,Supplements
F-0581-2018,Bakery
F-2184-2017,Supplements
F-0217-2018,Produce
F-3439-2017,Prepared/Frozen
F-3097-2017,Grains/Cereal
F-2843-2017,Produce
F-3077-2017,Grains/Cereal
F-2560-2017,Seafood
F-3526-2017,Supplements
F-3182-2017,Grains/Cereal
F-3033-2017,Grains/Cereal
F-3026-2017,Grains/Cereal
F-3284-2017,Grains/Cereal
F-3292-2017,Grains/Cereal
F-1919-2017,Nuts/Seeds
F-3090-2017,Grains/Cereal
F-2408-2017,Supplements
F-1988-2017,Produce
F-0584-2018,Snacks/Candy
F-1961-2017,Beef/Pork/Poultry/Game Meats
F-2748-2017,Seafood
F-1833-2017,Prepared/Frozen
F-1834-2017,Prepared/Frozen
F-0621-2018,Supplements
F-3574-2017,Bakery
F-2467-2017,Dairy
F-3199-2017,Grains/Cereal
F-2096-2017,Prepared/Frozen
F-0636-2018,Supplements
F-2842-2017,Produce
F-3063-2017,Grains/Cereal
F-3079-2017,Grains/Cereal
F-3037-2017,Grains/Cereal
F-3008-2017,Grains/Cereal
F-2611-2017,Snacks/Candy
F-3291-2017,Grains/Cereal
F-2371-2017,Produce
F-3576-2017,Spices/Condiments
F-3071-2017,Grains/Cereal
F-2753-2017,Seafood
F-2554-2017,Seafood
F-3022-2017,Grains/Cereal
F-3084-2017,Grains/Cereal
F-3287-2017,Grains/Cereal
F-3590-2017,Supplements
F-3577-2017,Prepared/Frozen
F-2567-2017,Seafood
F-2710-2017,Seafood
F-3524-2017,Supplements
F-1631-2017,Beverages
F-3142-2017,Grains/Cereal
F-3109-2017,Grains/Cereal
F-2462-2017,Dairy
F-0203-2018,Produce
F-2469-2017,Dairy
F-0088-2018,Bakery
F-3019-2017,Grains/Cereal
F-2787-2017,Seafood
F-3132-2017,Grains/Cereal
F-1821-2017,Supplements
F-0181-2018,Prepared/Frozen
F-3432-2017,Produce
F-3089-2017,Grains/Cereal
F-1635-2017,Beverages
F-1824-2017,Supplements
F-3112-2017,Grains/Cereal
F-3308-2017,Grains/Cereal
F-1778-2017,Prepared/Frozen
F-3025-2017,Grains/Cereal
F-2563-2017,Seafood
F-1847-2017,Dairy
F-3148-2017,Grains/Cereal
F-3438-2017,Prepared/Frozen
F-1806-2017,Supplements
F-0586-2018,Snacks/Candy
F-1798-2017,Dairy
F-3031-2017,Grains/Cereal
F-0210-2018,Produce
F-3607-2017,Produce
F-1879-2017,Produce
F-1880-2017,Produce
F-3027-2017,Grains/Cereal
F-2213-2017,Snacks/Candy
F-0172-2018,Produce
F-3092-2017,Grains/Cereal
F-3161-2017,Grains/Cereal
F-3527-2017,Supplements
F-3518-2017,Supplements
F-1500-2017,Snacks/Candy
F-1795-2017,Dairy
F-3062-2017,Grains/Cereal
F-0460-2018,Plant Protein
F-3111-2017,Grains/Cereal
F-3036-2017,Grains/Cereal
F-3342-2017,Nuts/Seeds
F-3107-2017,Grains/Cereal
F-3171-2017,Grains/Cereal
F-1793-2017,Dairy
F-3122-2017,Grains/Cereal
F-1844-2017,Dairy
F-0309-2017,Snacks/Candy
F-2216-2017,Snacks/Candy
F-2316-2017,Prepared/Frozen
F-1849-2017,Dairy
F-2084-2017,Plant Protein
F-2303-2017,Prepared/Frozen
F-3007-2017,Grains/Cereal
F-2571-2017,Seafood
F-3281-2017,Grains/Cereal
F-3300-2017,Grains/Cereal
F-3023-2017,Grains/Cereal
F-0083-2018,Bakery
F-2214-2017,Snacks/Candy
F-1625-2017,Baking Supplies
F-3579-2017,Produce
F-1544-2017,Supplements
F-2572-2017,Seafood
F-2604-2017,Snacks/Candy
F-0395-2018,Supplements
F-3225-2017,Prepared/Frozen
F-1655-2017,Dairy
F-2853-2017,Produce
F-3014-2017,Grains/Cereal
F-3153-2017,Grains/Cereal
F-1689-2017,Produce
F-3010-2017,Grains/Cereal
F-0589-2018,Snacks/Candy
F-3441-2017,Prepared/Frozen
F-3016-2017,Grains/Cereal
F-3024-2017,Grains/Cereal
F-0208-2018,Produce
F-3160-2017,Grains/Cereal
F-3076-2017,Grains/Cereal
F-0851-2018,Beef/Pork/Poultry/Game Meats
F-1963-2017,Beef/Pork/Poultry/Game Meats
F-3163-2017,Grains/Cereal
F-3102-2017,Grains/Cereal
F-3018-2017,Grains/Cereal
F-0201-2018,Produce
F-1825-2017,Supplements
F-3136-2017,Grains/Cereal
F-3604-2017,Produce
F-2466-2017,Dairy
F-0305-2017,Grains/Cereal
F-2798-2017,Seafood
F-3602-2017,Supplements
F-2998-2017,Grains/Cereal
F-2136-2017,Spices/Condiments
F-3413-2017,Produce
F-2729-2017,Seafood
F-0632-2018,Supplements
F-2990-2017,Grains/Cereal
F-2325-2017,Bakery
F-0102-2018,Snacks/Candy
F-3145-2017,Grains/Cereal
F-2145-2017,Produce
F-3600-2017,Supplements
F-3297-2017,Grains/Cereal
F-3083-2017,Grains/Cereal
F-3295-2017,Grains/Cereal
F-3028-2017,Grains/Cereal
F-3384-2017,Nuts/Seeds
F-3339-2017,Nuts/Seeds
F-1823-2017,Supplements
F-0213-2018,Produce
F-3114-2017,Grains/Cereal
F-1845-2017,Dairy
F-2608-2017,Snacks/Candy
F-3303-2017,Grains/Cereal
F-3015-2017,Grains/Cereal
F-3011-2017,Grains/Cereal
F-3571-2017,Bakery
F-3176-2017,Grains/Cereal
F-0142-2018,Grains/Cereal
F-3168-2017,Grains/Cereal
F-3347-2017,Nuts/Seeds
F-0503-2018,Bakery
F-2256-2017,Seafood
F-2599-2017,Snacks/Candy
F-2138-2017,Baking Supplies
F-1848-2017,Dairy
F-2300-2017,Prepared/Frozen
F-1791-2017,Dairy
F-3598-2017,Supplements
F-3597-2017,Supplements
F-0628-2018,Supplements
F-0852-2018,Beef/Pork/Poultry/Game Meats
F-3004-2017,Grains/Cereal
F-3082-2017,Grains/Cereal
F-3093-2017,Grains/Cereal
F-1651-2017,Dairy
F-3094-2017,Grains/Cereal
F-3012-2017,Grains/Cereal
F-2999-2017,Grains/Cereal
F-3158-2017,Grains/Cereal
F-1831-2017,Prepared/Frozen
F-3029-2017,Grains/Cereal
F-1959-2017,Dairy
F-1644-2017,Dairy
F-3003-2017,Grains/Cereal
F-1962-2017,Beef/Pork/Poultry/Game Meats
F-0587-2018,Snacks/Candy
F-3528-2017,Supplements
F-2263-2017,Seafood
F-2569-2017,Seafood
F-3099-2017,Grains/Cereal
F-0390-2018,Produce
F-2709-2017,Seafood
F-3288-2017,Grains/Cereal
F-1829-2017,Prepared/Frozen
F-1921-2017,Produce
F-2826-2017,Produce
F-3605-2017,Produce
F-3294-2017,Grains/Cereal
F-1851-2017,Dairy
F-3307-2017,Grains/Cereal
F-0842-2018,Bakery
F-3096-2017,Grains/Cereal
F-2468-2017,Dairy
F-3164-2017,Grains/Cereal
F-2312-2017,Prepared/Frozen
F-3091-2017,Grains/Cereal
F-0243-2018,Prepared/Frozen
F-3289-2017,Grains/Cereal
F-2454-2017,Nuts/Seeds
F-3034-2017,Grains/Cereal
F-0086-2018,Spices/Condiments
F-0202-2018,Produce
F-0101-2018,Snacks/Candy
F-2239-2017,Snacks/Candy
F-1501-2017,Snacks/Candy
F-3087-2017,Grains/Cereal
F-1578-2017,Supplements
F-3177-2017,Grains/Cereal
F-3305-2017,Grains/Cereal
F-3345-2017,Nuts/Seeds
F-0463-2018,Produce
F-1652-2017,Dairy
F-3137-2017,Grains/Cereal
F-3178-2017,Grains/Cereal
F-2865-2017,Nuts/Seeds
F-3296-2017,Grains/Cereal
F-2301-2017,Prepared/Frozen
F-0633-2018,Supplements
F-0025-2018,Beverages
F-1666-2017,Dairy
F-3020-2017,Grains/Cereal
F-2997-2017,Grains/Cereal
F-1792-2017,Dairy
F-3081-2017,Grains/Cereal
F-3131-2017,Grains/Cereal
F-1983-2017,Plant Protein
F-3174-2017,Grains/Cereal
F-0204-2018,Produce
F-2615-2017,Snacks/Candy
F-0846-2018,Bakery
F-3156-2017,Grains/Cereal
F-3080-2017,Grains/Cereal
F-3301-2017,Grains/Cereal
F-1820-2017,Supplements
F-0469-2018,Plant Protein
F-1479-2017,Plant Protein
F-2852-2017,Produce
F-3098-2017,Grains/Cereal
F-1850-2017,Dairy
F-3304-2017,Grains/Cereal
F-3162-2017,Grains/Cereal
F-1639-2017,Beverages
F-2984-2017,Grains/Cereal
F-2317-2017,Prepared/Frozen
F-3006-2017,Grains/Cereal
F-3035-2017,Grains/Cereal
F-3070-2017,Grains/Cereal
F-2212-2017,Snacks/Candy
F-3067-2017,Grains/Cereal
F-3567-2017,Spices/Condiments
F-3239-2017,Grains/Cereal
F-0866-2018,Bakery
F-3005-2017,Grains/Cereal
F-3344-2017,Nuts/Seeds
F-2385-2017,Spices/Condiments
F-2558-2017,Seafood
F-3030-2017,Grains/Cereal
F-1431-2017,Supplements
F-3150-2017,Grains/Cereal
F-1860-2017,Spices/Condiments
F-3078-2017,Grains/Cereal
F-1794-2017,Dairy
F-2851-2017,Produce
F-2856-2017,Nuts/Seeds
F-3124-2017,Grains/Cereal
F-3086-2017,Grains/Cereal
F-1592-2017,Baking Supplies
F-2580-2017,Bakery
F-0853-2018,Bakery
F-3085-2017,Grains/Cereal
F-3017-2017,Grains/Cereal
F-2557-2017,Seafood
F-2147-2017,Supplements
F-3073-2017,Grains/Cereal
F-3065-2017,Grains/Cereal
F-3290-2017,Grains/Cereal
F-2314-2017,Prepared/Frozen
F-3002-2017,Grains/Cereal
F-3285-2017,Grains/Cereal
F-2960-2017,Snacks/Candy
F-0081-2018,Bakery
F-1491-2017,Snacks/Candy
F-1964-2017,Beef/Pork/Poultry/Game Meats
F-3532-2017,Produce
F-2324-2017,Bakery
F-3341-2017,Nuts/Seeds
F-2854-2017,Produce
F-3021-2017,Grains/Cereal
F-3144-2017,Grains/Cereal
F-3170-2017,Grains/Cereal
F-3143-2017,Grains/Cereal
F-1957-2017,Plant Protein
F-0185-2018,Produce
F-3135-2017,Grains/Cereal
F-0625-2018,Supplements
F-3309-2017,Grains/Cereal
F-3068-2017,Grains/Cereal
F-3001-2017,Grains/Cereal
F-3298-2017,Grains/Cereal
F-3032-2017,Grains/Cereal
F-2682-2017,Seafood
F-3525-2017,Supplements
F-3306-2017,Grains/Cereal
F-1576-2017,Spices/Condiments
F-3601-2017,Supplements
F-2855-2017,Produce
F-3520-2017,Supplements
F-2152-2017,Supplements
F-3591-2017,Supplements
F-2568-2017,Seafood
F-3286-2017,Grains/Cereal
F-0030-2018,Beverages
F-2783-2017,Seafood
F-3516-2017,Supplements
F-3133-2017,Grains/Cereal
F-0585-2018,Bakery
F-3159-2017,Grains/Cereal
F-3434-2017,Prepared/Frozen
F-3009-2017,Grains/Cereal
F-1862-2017,Supplements
F-0457-2018,Plant Protein
F-2668-2017,Seafood
F-3565-2017,Spices/Condiments
F-2201-2017,Dairy
F-2537-2017,Spices/Condiments
F-2841-2017,Produce
F-3127-2017,Grains/Cereal
F-3074-2017,Grains/Cereal
F-2573-2017,Seafood
F-2148-2017,Supplements
F-0458-2018,Plant Protein
F-2215-2017,Snacks/Candy
F-2260-2017,Seafood
F-3190-2017,Grains/Cereal
F-3072-2017,Grains/Cereal
F-3069-2017,Grains/Cereal
F-3167-2017,Grains/Cereal
F-0239-2018,Produce
F-0582-2018,Snacks/Candy
F-0215-2018,Produce
F-3155-2017,Grains/Cereal
F-3088-2017,Grains/Cereal
F-3529-2017,Supplements
F-3100-2017,Grains/Cereal
F-3104-2017,Grains/Cereal
F-2618-2017,Snacks/Candy
F-0583-2018,Snacks/Candy
F-2261-2017,Seafood
F-1790-2017,Dairy
F-2461-2017,Dairy
F-2985-2017,Grains/Cereal
F-3166-2017,Grains/Cereal
F-3013-2017,Grains/Cereal
F-1344-2017,Beverages
F-2370-2017,Spices/Condiments
F-3272-2017,Grains/Cereal
F-3157-2017,Grains/Cereal
F-1883-2017,Plant Protein
F-2311-2017,Prepared/Frozen
F-2538-2017,Spices/Condiments
F-3134-2017,Grains/Cereal
F-3095-2017,Grains/Cereal
F-0656-2018,Produce
F-1334-2018,Prepared/Frozen
F-0412-2019,Supplements
F-0609-2019,Prepared/Frozen
F-0415-2019,Supplements
F-1468-2018,Produce
F-1356-2018,Produce
F-0027-2019,Dairy
F-0322-2019,Produce
F-1660-2018,Supplements
F-1201-2019,Uncategorized
F-1862-2018,Spices/Condiments
F-1160-2018,Supplements
F-1470-2018,Produce
F-1152-2018,Supplements
F-0956-2018,Beverages
F-1362-2018,Produce
F-1360-2018,Plant Protein
F-1708-2018,Supplements
F-1246-2018,Plant Protein
F-0243-2019,Produce
F-0257-2019,Produce
F-1240-2018,Nuts/Seeds
F-0254-2019,Produce
F-0406-2019,Grains/Cereal
F-0409-2019,Supplements
F-0704-2018,Spices/Condiments
F-0250-2019,Produce
F-0038-2019,Produce
F-1546-2018,Supplements
F-1588-2019,Spices/Condiments
F-1878-2018,Spices/Condiments
F-1986-2018,Spices/Condiments
F-1620-2018,Supplements
F-0034-2019,Beverages
F-1784-2018,Dairy
F-1985-2018,Spices/Condiments
F-0620-2019,Bakery
F-0636-2019,Snacks/Candy
F-0214-2019,Produce
F-0959-2018,Spices/Condiments
F-1195-2019,Snacks/Candy
F-1157-2018,Supplements
F-1233-2018,Dairy
F-1766-2018,Prepared/Frozen
F-1285-2018,Dairy
F-0801-2019,Snacks/Candy
F-1337-2018,Plant Protein
F-1193-2019,Snacks/Candy
F-1283-2018,Prepared/Frozen
F-1319-2018,Prepared/Frozen
F-0634-2019,Nuts/Seeds
F-0628-2019,Supplements
F-1300-2018,Dairy
F-0983-2018,Beverages
F-0327-2019,Produce
F-0225-2019,Produce
F-1224-2018,Plant Protein
F-1203-2018,Prepared/Frozen
F-1173-2018,Plant Protein
F-1288-2018,Prepared/Frozen
F-0231-2019,Produce
F-1988-2018,Beverages
F-0886-2019,Snacks/Candy
F-0661-2019,Bakery
F-1551-2018,Dairy
F-1932-2018,Supplements
F-0913-2018,Supplements
F-0361-2019,Beverages
F-1711-2018,Snacks/Candy
F-1369-2018,Dairy
F-0061-2019,Beef/Pork/Poultry/Game Meats
F-0423-2019,Produce
F-0707-2019,Beverages
F-1150-2018,Supplements
F-1606-2018,Dairy
F-1547-2018,Supplements
F-0346-2019,Plant Protein
F-1375-2018,Produce
F-0982-2018,Beverages
F-1198-2018,Seafood
F-1154-2018,Supplements
F-1491-2018,Bakery
F-1597-2018,Produce
F-0926-2018,Non-Food Item
F-1923-2018,Produce
F-1699-2018,Supplements
F-0253-2019,Produce
F-1873-2018,Dairy
F-0896-2018,Beverages
F-0030-2019,Uncategorized
F-0859-2019,Supplements
F-0324-2019,Produce
F-1867-2018,Bakery
F-1236-2018,Dairy
F-1274-2018,Dairy
F-0726-2018,Spices/Condiments
F-1757-2018,Seafood
F-1918-2018,Produce
F-1928-2018,Produce
F-0249-2019,Produce
F-1280-2018,Dairy
F-1366-2018,Produce
F-1193-2018,Dairy
F-0209-2019,Produce
F-1925-2018,Produce
F-0906-2018,Beverages
F-1813-2018,Supplements
F-1137-2018,Beverages
F-0359-2019,Produce
F-1456-2018,Snacks/Candy
F-1354-2018,Prepared/Frozen
F-1364-2018,Produce
F-0760-2019,Snacks/Candy
F-0705-2019,Beverages
F-1309-2018,Dairy
F-1316-2018,Prepared/Frozen
F-1687-2018,Supplements
F-0329-2019,Produce
F-0801-2018,Grains/Cereal
F-0664-2019,Dairy
F-1609-2018,Supplements
F-0899-2018,Beverages
F-1311-2018,Prepared/Frozen
F-1780-2018,Snacks/Candy
F-1596-2018,Seafood
F-0632-2019,Produce
F-1815-2018,Supplements
F-1398-2018,Prepared/Frozen
F-1256-2018,Dairy
F-0690-2019,Snacks/Candy
F-0759-2019,Snacks/Candy
F-0252-2019,Produce
F-1758-2018,Seafood
F-1691-2018,Supplements
F-1321-2018,Dairy
F-0936-2018,Spices/Condiments
F-1555-2018,Dairy
F-1014-2019,Produce
F-1338-2018,Prepared/Frozen
F-1168-2018,Supplements
F-0258-2019,Produce
F-0734-2019,Produce
F-1829-2018,Bakery
F-1661-2018,Spices/Condiments
F-0912-2018,Supplements
F-1199-2018,Seafood
F-1153-2018,Supplements
F-1830-2018,Bakery
F-0058-2019,Uncategorized
F-1286-2018,Dairy
F-0812-2018,Supplements
F-0895-2018,Beverages
F-0213-2019,Produce
F-1572-2018,Nuts/Seeds
F-1352-2018,Prepared/Frozen
F-0689-2019,Snacks/Candy
F-0411-2019,Supplements
F-1232-2018,Produce
F-0900-2018,Beverages
F-1310-2018,Prepared/Frozen
F-1927-2018,Produce
F-0995-2018,Beverages
F-1799-2018,Bakery
F-1705-2018,Supplements
F-1358-2018,Produce
F-1709-2018,Supplements
F-0961-2018,Spices/Condiments
F-1373-2018,Dairy
F-0244-2019,Produce
F-1978-2018,Produce
F-1164-2018,Supplements
F-0914-2018,Supplements
F-1329-2018,Dairy
F-1209-2018,Dairy
F-0602-2018,Baking Supplies
F-1361-2018,Plant Protein
F-1308-2018,Dairy
F-0810-2019,Dairy
F-0897-2018,Beverages
F-1550-2018,Dairy
F-0890-2018,Beverages
F-1282-2018,Prepared/Frozen
F-1783-2018,Snacks/Candy
F-1864-2018,Spices/Condiments
F-0251-2019,Produce
F-0757-2019,Snacks/Candy
F-1317-2018,Prepared/Frozen
F-0764-2018,Bakery
F-1096-2019,Plant Protein
F-0824-2018,Produce
F-0221-2019,Produce
F-0759-2018,Bakery
F-1931-2018,Spices/Condiments
F-0706-2019,Beverages
F-0205-2019,Produce
F-0033-2019,Beverages
F-1091-2019,Produce
F-1171-2018,Supplements
F-1216-2018,Produce
F-0915-2018,Supplements
F-1391-2018,Supplements
F-1109-2018,Beverages
F-0731-2018,Spices/Condiments
F-1466-2018,Produce
F-1090-2019,Produce
F-1158-2018,Supplements
F-0681-2019,Bakery
F-1365-2018,Produce
F-0323-2019,Produce
F-1028-2019,Produce
F-1682-2018,Supplements
F-1008-2019,Produce
F-1298-2018,Prepared/Frozen
F-0673-2019,Prepared/Frozen
F-1010-2019,Produce
F-1324-2018,Prepared/Frozen
F-1865-2018,Spices/Condiments
F-0813-2018,Supplements
F-1924-2018,Produce
F-1169-2018,Supplements
F-0712-2019,Beverages
F-0207-2019,Produce
F-1987-2018,Snacks/Candy
F-1222-2018,Dairy
F-1089-2019,Produce
F-0218-2019,Produce
F-0615-2019,Prepared/Frozen
F-1306-2018,Dairy
F-1281-2018,Dairy
F-0325-2019,Produce
F-1223-2018,Dairy
F-0799-2018,Seafood
F-0922-2018,Bakery
F-1814-2018,Supplements
F-1696-2018,Supplements
F-0032-2019,Beverages
F-1831-2018,Produce
F-0248-2019,Produce
F-0952-2018,Snacks/Candy
F-0736-2019,Prepared/Frozen
F-1205-2019,Snacks/Candy
F-1202-2019,Snacks/Candy
F-0758-2019,Snacks/Candy
F-0903-2018,Beverages
F-1162-2018,Supplements
F-0350-2019,Snacks/Candy
F-1198-2019,Uncategorized
F-1378-2018,Plant Protein
F-1778-2018,Snacks/Candy
F-1933-2018,Supplements
F-0247-2019,Produce
F-0232-2019,Produce
F-0737-2019,Prepared/Frozen
F-1293-2018,Produce
F-0204-2019,Produce
F-0219-2019,Produce
F-1138-2018,Beverages
F-1909-2018,Spices/Condiments
F-0057-2019,Prepared/Frozen
F-1147-2018,Supplements
F-0215-2019,Produce
F-0235-2019,Produce
F-1911-2018,Produce
F-1203-2019,Uncategorized
F-0326-2019,Produce
F-0845-2019,Food Additives/Ingredients
F-1304-2018,Prepared/Frozen
F-0660-2019,Bakery
F-1204-2019,Snacks/Candy
F-1114-2018,Beverages
F-0907-2018,Beverages
F-0947-2019,Produce
F-1149-2018,Supplements
F-1178-2018,Supplements
F-1469-2018,Produce
F-1167-2018,Supplements
F-1557-2018,Dairy
F-1263-2018,Produce
F-1868-2018,Bakery
F-1215-2019,Spices/Condiments
F-1306-2019,Plant Protein
F-1727-2019,Dairy
F-1101-2019,Supplements
F-0585-2020,Spices/Condiments
F-2019-2019,Grains/Cereal
F-1748-2019,Dairy
F-1559-2019,Spices/Condiments
F-1217-2019,Spices/Condiments
F-0174-2020,Supplements
F-0297-2020,Prepared/Frozen
F-0942-2019,Grains/Cereal
F-1296-2019,Nuts/Seeds
F-0291-2020,Prepared/Frozen
F-1386-2019,Supplements
F-0131-2020,Bakery
F-1765-2019,Dairy
F-0897-2019,Grains/Cereal
F-2048-2019,Grains/Cereal
F-2091-2019,Beverages
F-0456-2020,Produce
F-2001-2019,Grains/Cereal
F-1965-2019,Snacks/Candy
F-2033-2019,Grains/Cereal
F-0300-2020,Produce
F-1981-2019,Produce
F-1346-2019,Spices/Condiments
F-1945-2019,Plant Protein
F-1798-2019,Dairy
F-0064-2020,Prepared/Frozen
F-2145-2019,Spices/Condiments
F-1773-2019,Dairy
F-0479-2020,Bakery
F-0222-2020,Uncategorized
F-0941-2019,Grains/Cereal
F-2153-2019,Dairy
F-1212-2019,Spices/Condiments
F-0423-2020,Seafood
F-1526-2019,Food Additives/Ingredients
F-0886-2020,Nuts/Seeds
F-1958-2019,Produce
F-0413-2020,Seafood
F-0940-2019,Grains/Cereal
F-1219-2019,Spices/Condiments
F-0179-2020,Supplements
F-1996-2019,Grains/Cereal
F-1766-2019,Dairy
F-2022-2019,Grains/Cereal
F-1176-2019,Snacks/Candy
F-2014-2019,Grains/Cereal
F-0939-2019,Grains/Cereal
F-0294-2020,Prepared/Frozen
F-1761-2019,Produce
F-0299-2020,Produce
F-0128-2020,Produce
F-0244-2020,Food Additives/Ingredients
F-1947-2019,Spices/Condiments
F-0250-2020,Produce
F-1480-2019,Supplements
F-0412-2020,Seafood
F-1309-2019,Spices/Condiments
F-1606-2019,Bakery
F-2045-2019,Grains/Cereal
F-1396-2019,Supplements
F-1549-2019,Plant Protein
F-2051-2019,Grains/Cereal
F-0288-2020,Prepared/Frozen
F-0710-2020,Produce
F-1385-2019,Spices/Condiments
F-2142-2019,Uncategorized
F-2102-2019,Spices/Condiments
F-2056-2019,Prepared/Frozen
F-0177-2020,Supplements
F-2089-2019,Baking Supplies
F-1138-2019,Spices/Condiments
F-0175-2020,Supplements
F-0296-2020,Prepared/Frozen
F-0285-2020,Produce
F-0295-2020,Prepared/Frozen
F-0242-2020,Food Additives/Ingredients
F-1061-2019,Prepared/Frozen
F-1190-2019,Spices/Condiments
F-0267-2020,Produce
F-0262-2020,Prepared/Frozen
F-1686-2019,Produce
F-2004-2019,Grains/Cereal
F-0293-2020,Prepared/Frozen
F-0236-2020,Food Additives/Ingredients
F-1856-2019,Produce
F-1053-2019,Produce
F-2042-2019,Grains/Cereal
F-1443-2019,Produce
F-0015-2020,Grains/Cereal
F-0259-2020,Produce
F-1902-2019,Produce
F-1064-2019,Prepared/Frozen
F-1442-2019,Produce
F-2050-2019,Grains/Cereal
F-0870-2019,Baking Supplies
F-0420-2020,Seafood
F-0048-2020,Beverages
F-0344-2020,Prepared/Frozen
F-1753-2019,Non-Food Item
F-0240-2020,Food Additives/Ingredients
F-1170-2019,Produce
F-0219-2020,Beverages
F-0165-2020,Produce
F-1966-2019,Snacks/Candy
F-1189-2019,Spices/Condiments
F-2024-2019,Grains/Cereal
F-1595-2019,Supplements
F-0417-2020,Seafood
F-0197-2020,Produce
F-0694-2020,Grains/Cereal
F-1462-2019,Produce
F-0421-2020,Seafood
F-0245-2020,Food Additives/Ingredients
F-0418-2020,Seafood
F-2043-2019,Grains/Cereal
F-0239-2020,Food Additives/Ingredients
F-0125-2020,Beverages
F-2023-2019,Grains/Cereal
F-2015-2019,Grains/Cereal
F-0266-2020,Produce
F-0419-2020,Seafood
F-0065-2020,Prepared/Frozen
F-2011-2019,Grains/Cereal
F-0257-2020,Produce
F-0241-2020,Food Additives/Ingredients
F-0491-2020,Snacks/Candy
F-1600-2019,Bakery
F-1474-2019,Produce
F-0470-2020,Bakery
F-0180-2020,Supplements
F-0887-2020,Nuts/Seeds
F-0273-2020,Produce
F-0243-2020,Food Additives/Ingredients
F-1059-2019,Prepared/Frozen
F-0457-2020,Produce
F-0176-2020,Supplements
F-1340-2019,Spices/Condiments
F-2034-2019,Grains/Cereal
F-0195-2020,Produce
F-1598-2019,Bakery
F-0213-2020,Produce
F-2035-2019,Grains/Cereal
F-1610-2019,Produce
F-1218-2019,Spices/Condiments
F-0083-2020,Produce
F-2030-2019,Grains/Cereal
F-1555-2019,Produce
F-1488-2019,Produce
F-1997-2019,Grains/Cereal
F-0302-2020,Produce
F-0246-2020,Food Additives/Ingredients
F-1220-2019,Spices/Condiments
F-1599-2019,Bakery
F-1479-2019,Supplements
F-1222-2019,Spices/Condiments
F-0422-2020,Seafood
F-1337-2019,Produce
F-0023-2020,Produce
F-2008-2019,Grains/Cereal
F-1476-2019,Dairy
F-0212-2020,Produce
F-0319-2020,Produce
F-0134-2020,Uncategorized
F-1227-2019,Produce
F-0292-2020,Prepared/Frozen
F-0789-2019,Grains/Cereal
F-1749-2019,Dairy
F-1287-2019,Beverages
F-0261-2020,Produce
F-0268-2020,Produce
F-1597-2019,Bakery
F-1062-2019,Prepared/Frozen
F-0600-2020,Nuts/Seeds
F-2103-2019,Beverages
F-1224-2019,Produce
F-2046-2019,Grains/Cereal
F-1060-2019,Prepared/Frozen
F-1345-2019,Spices/Condiments
F-2049-2019,Grains/Cereal
F-1478-2019,Supplements
F-0904-2020,Supplements
F-0921-2020,Produce
F-1442-2020,Supplements
F-0878-2020,Plant Protein
F-0631-2020,Supplements
F-0120-2021,Seafood
F-1510-2020,Dairy
F-0205-2021,Produce
F-1537-2020,Produce
F-1529-2020,Snacks/Candy
F-1615-2020,Produce
F-1592-2020,Produce
F-0811-2020,Spices/Condiments
F-0641-2020,Nuts/Seeds
F-0091-2021,Produce
F-0746-2020,Baking Supplies
F-0150-2021,Nuts/Seeds
F-0844-2020,Produce
F-0572-2020,Food Additives/Ingredients
F-0178-2021,Snacks/Candy
F-1593-2020,Produce
F-1003-2020,Beverages
F-0896-2020,Supplements
F-0589-2020,Baking Supplies
F-1502-2020,Spices/Condiments
F-0817-2020,Plant Protein
F-1611-2020,Produce
F-0836-2020,Prepared/Frozen
F-0751-2020,Dairy
F-0206-2021,Seafood
F-1580-2020,Produce
F-1566-2020,Prepared/Frozen
F-1005-2020,Beverages
F-0676-2020,Prepared/Frozen
F-0813-2020,Spices/Condiments
F-1500-2020,Grains/Cereal
F-0794-2020,Grains/Cereal
F-0815-2020,Baking Supplies
F-1435-2020,Food Additives/Ingredients
F-0855-2020,Produce
F-0125-2021,Produce
F-0682-2020,Spices/Condiments
F-0519-2020,Plant Protein
F-0005-2021,Spices/Condiments
F-1528-2020,Snacks/Candy
F-0938-2020,Grains/Cereal
F-0975-2020,Spices/Condiments
F-1491-2020,Supplements
F-0745-2020,Baking Supplies
F-1030-2020,Food Additives/Ingredients
F-0743-2020,Baking Supplies
F-0818-2020,Spices/Condiments
F-1616-2020,Produce
F-0188-2021,Produce
F-1017-2020,Produce
F-1352-2020,Produce
F-0522-2020,Plant Protein
F-0174-2021,Prepared/Frozen
F-1582-2020,Prepared/Frozen
F-0570-2020,Plant Protein
F-0196-2021,Produce
F-0736-2020,Baking Supplies
F-1445-2020,Supplements
F-0079-2021,Produce
F-0866-2020,Supplements
F-1150-2020,Food Additives/Ingredients
F-0748-2020,Baking Supplies
F-0747-2020,Baking Supplies
F-1253-2020,Nuts/Seeds
F-0084-2021,Produce
F-0810-2020,Spices/Condiments
F-1533-2020,Snacks/Candy
F-0750-2020,Baking Supplies
F-0749-2020,Baking Supplies
F-1506-2020,Non-Food Item
F-0897-2020,Supplements
F-0744-2020,Baking Supplies
F-0858-2020,Supplements
F-1613-2020,Produce
F-0001-2021,Snacks/Candy
F-0801-2020,Baking Supplies
F-1612-2020,Produce
F-1490-2020,Supplements
F-1340-2020,Produce
F-1614-2020,Produce
F-1532-2020,Snacks/Candy
F-1345-2020,Prepared/Frozen
F-0787-2020,Food Additives/Ingredients
F-0799-2020,Spices/Condiments
F-0900-2020,Supplements
F-0173-2021,Produce
F-1610-2020,Produce
F-1448-2020,Spices/Condiments
F-0027-2021,Produce
F-0719-2020,Spices/Condiments
F-0780-2020,Supplements
F-1594-2020,Produce
F-0827-2020,Baking Supplies
F-1581-2020,Produce
F-1489-2020,Supplements
F-0199-2021,Snacks/Candy
F-0901-2020,Supplements
F-1595-2020,Produce
F-0008-2021,Spices/Condiments
F-0831-2020,Baking Supplies
F-0377-2021,Snacks/Candy
F-0661-2021,Spices/Condiments
F-0364-2022,Beverages
F-0978-2021,Supplements
F-0464-2021,Supplements
F-0590-2021,Dairy
F-0216-2022,Beverages
F-0655-2022,Produce
F-0249-2022,Bakery
F-0647-2021,Supplements
F-0021-2022,Dairy
F-0694-2022,Produce
F-0493-2022,Supplements
F-0617-2021,Dairy
F-0596-2021,Dairy
F-0248-2022,Bakery
F-0863-2021,Produce
F-0544-2021,Spices/Condiments
F-0084-2022,Bakery
F-0129-2022,Produce
F-0394-2021,Prepared/Frozen
F-0258-2022,Bakery
F-0479-2021,Supplements
F-0666-2022,Produce
F-0654-2021,Uncategorized
F-0450-2021,Snacks/Candy
F-0447-2021,Snacks/Candy
F-0134-2022,Plant Protein
F-0893-2021,Produce
F-0269-2021,Prepared/Frozen
F-0285-2022,Food Additives/Ingredients
F-0071-2022,Nuts/Seeds
F-0690-2022,Produce
F-0658-2022,Produce
F-0680-2022,Produce
F-0663-2022,Produce
F-0508-2022,Seafood
F-0487-2022,Supplements
F-0237-2022,Bakery
F-0220-2022,Produce
F-0895-2021,Produce
F-0923-2021,Dairy
F-0888-2021,Produce
F-0722-2022,Supplements
F-0128-2022,Produce
F-0474-2021,Spices/Condiments
F-0656-2021,Plant Protein
F-0717-2022,Produce
F-0062-2022,Nuts/Seeds
F-0622-2021,Dairy
F-0800-2021,Plant Protein
F-0677-2022,Produce
F-0657-2022,Produce
F-0901-2021,Dairy
F-0703-2022,Produce
F-0864-2021,Produce
F-1006-2021,Produce
F-0136-2022,Bakery
F-0063-2022,Nuts/Seeds
F-0621-2021,Dairy
F-0335-2022,Beverages
F-0685-2022,Produce
F-0674-2022,Produce
F-0356-2022,Produce
F-0890-2021,Produce
F-0798-2021,Plant Protein
F-0576-2021,Dairy
F-0462-2021,Supplements
F-0681-2022,Produce
F-0261-2022,Bakery
F-0238-2022,Bakery
F-0625-2021,Produce
F-0859-2021,Spices/Condiments
F-0400-2021,Prepared/Frozen
F-0157-2022,Supplements
F-0691-2022,Produce
F-0396-2021,Prepared/Frozen
F-0512-2022,Spices/Condiments
F-0487-2021,Grains/Cereal
F-0057-2022,Nuts/Seeds
F-0573-2021,Dairy
F-0708-2022,Produce
F-0359-2021,Baking Supplies
F-0958-2021,Bakery
F-0549-2021,Plant Protein
F-0881-2021,Dairy
F-0718-2022,Produce
F-0575-2021,Dairy
F-0143-2022,Bakery
F-0584-2021,Dairy
F-0441-2022,Supplements
F-0027-2022,Food Additives/Ingredients
F-0802-2021,Plant Protein
F-0715-2022,Produce
F-0442-2022,Supplements
F-0586-2021,Dairy
F-0088-2022,Food Additives/Ingredients
F-0652-2021,Non-Food Item
F-0882-2021,Dairy
F-0548-2021,Plant Protein
F-0756-2021,Spices/Condiments
F-0121-2022,Produce
F-0861-2021,Produce
F-0993-2021,Baking Supplies
F-0587-2021,Dairy
F-0500-2022,Supplements
F-0272-2021,Spices/Condiments
F-0704-2022,Produce
F-0255-2022,Bakery
F-0735-2021,Seafood
F-0645-2022,Produce
F-0572-2021,Dairy
F-0701-2022,Produce
F-0334-2022,Spices/Condiments
F-0619-2021,Prepared/Frozen
F-0466-2021,Supplements
F-0436-2021,Seafood
F-0889-2021,Produce
F-0577-2021,Dairy
F-0463-2021,Supplements
F-0393-2021,Prepared/Frozen
F-0461-2021,Supplements
F-0649-2022,Produce
F-0465-2021,Supplements
F-0705-2021,Produce
F-0550-2021,Plant Protein
F-0079-2022,Bakery
F-0672-2021,Grains/Cereal
F-0425-2022,Supplements
F-0693-2022,Produce
F-0667-2021,Spices/Condiments
F-0421-2022,Supplements
F-0689-2022,Produce
F-0875-2021,Spices/Condiments
F-0892-2021,Produce
F-0801-2021,Plant Protein
F-0336-2022,Beverages
F-0712-2022,Produce
F-0856-2021,Produce
F-0866-2021,Produce
F-0497-2021,Uncategorized
F-0601-2021,Dairy
F-0697-2022,Produce
F-0884-2021,Dairy
F-0603-2021,Dairy
F-0568-2021,Dairy
F-0979-2021,Supplements
F-0480-2022,Supplements
F-0956-2021,Food Additives/Ingredients
F-0130-2022,Produce
F-0805-2021,Plant Protein
F-0709-2022,Produce
F-0804-2021,Plant Protein
F-0765-2021,Supplements
F-0692-2022,Produce
F-0167-2022,Grains/Cereal
F-0251-2022,Bakery
F-0662-2022,Produce
F-1024-2021,Snacks/Candy
F-0977-2021,Supplements
F-0799-2021,Plant Protein
F-0857-2021,Produce
F-0883-2021,Dairy
F-0360-2021,Baking Supplies
F-0667-2022,Produce
F-0673-2022,Produce
F-0008-2022,Beverages
F-0795-2021,Produce
F-0803-2021,Plant Protein
F-0268-2021,Nuts/Seeds
F-0362-2022,Produce
F-0221-2021,Bakery
F-0510-2022,Spices/Condiments
F-0660-2022,Produce
F-0357-2021,Baking Supplies
F-0648-2021,Non-Food Item
F-0135-2022,Food Additives/Ingredients
F-0263-2023,Spices/Condiments
F-0988-2022,Grains/Cereal
F-0777-2022,Produce
F-1535-2022,Supplements
F-1376-2022,Plant Protein
F-0084-2023,Seafood
F-0156-2023,Dairy
F-1043-2022,Plant Protein
F-0936-2022,Dairy
F-0099-2023,Spices/Condiments
F-1101-2022,Supplements
F-1592-2022,Uncategorized
F-0009-2023,Produce
F-1047-2022,Produce
F-1209-2022,Snacks/Candy
F-0028-2023,Produce
F-0160-2023,Dairy
F-1276-2022,Bakery
F-0793-2022,Produce
F-0504-2022,Snacks/Candy
F-1207-2022,Snacks/Candy
F-0158-2023,Dairy
F-1609-2022,Supplements
F-0756-2022,Produce
F-0932-2022,Dairy
F-0300-2023,Bakery
F-1377-2022,Plant Protein
F-0157-2023,Dairy
F-1206-2022,Snacks/Candy
F-0819-2022,Beverages
F-0868-2022,Plant Protein
F-0746-2022,Produce
F-0296-2023,Bakery
F-1808-2022,Plant Protein
F-0956-2022,Dairy
F-0925-2022,Dairy
F-1208-2022,Snacks/Candy
F-0933-2022,Dairy
F-0161-2023,Dairy
F-1384-2022,Baking Supplies
F-0924-2022,Dairy
F-0312-2023,Bakery
F-1670-2022,Supplements
F-1709-2022,Bakery
F-0779-2022,Produce
F-0140-2023,Plant Protein
F-1567-2022,Snacks/Candy
F-1710-2022,Bakery
F-0012-2023,Produce
F-1582-2022,Grains/Cereal
F-0401-2023,Snacks/Candy
F-1708-2022,Bakery
F-0298-2023,Bakery
F-0072-2023,Supplements
F-1315-2022,Bakery
F-1716-2022,Bakery
F-0928-2022,Dairy
F-0753-2022,Produce
F-0159-2023,Dairy
F-1102-2022,Grains/Cereal
F-0971-2022,Produce
F-0921-2022,Dairy
F-1719-2022,Bakery
F-1232-2022,Snacks/Candy
F-1663-2022,Supplements
F-0001-2023,Beverages
F-0954-2022,Dairy
F-0825-2022,Produce
F-0773-2022,Produce
F-0014-2023,Produce
F-0744-2022,Produce
F-1707-2022,Bakery
F-1234-2022,Snacks/Candy
F-1135-2022,Snacks/Candy
F-0752-2022,Produce
F-0227-2023,Prepared/Frozen
F-1669-2022,Supplements
F-1575-2022,Supplements
F-1200-2022,Snacks/Candy
F-1081-2022,Produce
F-1216-2022,Snacks/Candy
F-0767-2022,Produce
F-1665-2022,Supplements
F-0747-2022,Produce
F-1512-2022,Produce
F-1202-2022,Snacks/Candy
F-0766-2022,Produce
F-1153-2022,Plant Protein
F-0852-2022,Nuts/Seeds
F-0778-2022,Produce
F-1533-2022,Supplements
F-1278-2022,Bakery
F-1748-2022,Produce
F-0742-2022,Produce
F-0775-2022,Produce
F-1732-2022,Seafood
F-0162-2023,Dairy
F-1578-2022,Spices/Condiments
F-0297-2023,Bakery
F-0859-2022,Produce
F-0109-2023,Dairy
F-0828-2022,Produce
F-0316-2023,Produce
F-1713-2022,Bakery
F-1219-2022,Snacks/Candy
F-0780-2022,Produce
F-1658-2022,Supplements
F-1221-2022,Snacks/Candy
F-1534-2022,Supplements
F-0164-2023,Dairy
F-1404-2022,Baking Supplies
F-0950-2022,Dairy
F-1275-2022,Bakery
F-1706-2022,Bakery
F-1664-2022,Supplements
F-0010-2023,Produce
F-1220-2022,Snacks/Candy
F-0776-2022,Produce
F-0948-2022,Dairy
F-1705-2022,Dairy
F-0085-2023,Seafood
F-0045-2023,Dairy
F-1277-2022,Bakery
F-1711-2022,Bakery
F-0770-2022,Produce
F-1718-2022,Bakery
F-1497-2022,Snacks/Candy
F-0781-2022,Produce
F-0768-2022,Produce
F-0019-2023,Produce
F-0926-2022,Dairy
F-0082-2023,Baking Supplies
F-0789-2022,Produce
F-1230-2022,Snacks/Candy
F-1201-2022,Snacks/Candy
F-0104-2023,Spices/Condiments
F-1274-2022,Bakery
F-0025-2023,Produce
F-1717-2022,Bakery
F-0758-2022,Produce
F-1629-2022,Supplements
F-0810-2022,Uncategorized
F-0743-2022,Produce
F-0102-2023,Spices/Condiments
F-0187-2023,Produce
F-0022-2023,Produce
F-0818-2022,Beverages
F-0801-2022,Grains/Cereal
F-1792-2022,Beverages
F-0071-2023,Nuts/Seeds
F-0163-2023,Dairy
F-0027-2023,Produce
F-0262-2023,Prepared/Frozen
F-0929-2022,Dairy
F-0313-2023,Bakery
F-0299-2023,Bakery
F-1354-2023,Bakery
F-0787-2023,Plant Protein
F-0792-2023,Plant Protein
F-1049-2023,Grains/Cereal
F-0665-2023,Produce
F-0403-2023,Spices/Condiments
F-1028-2023,Grains/Cereal
F-0796-2023,Plant Protein
F-1402-2023,Plant Protein
F-0787-2024,Bakery
F-1027-2023,Grains/Cereal
F-0875-2023,Snacks/Candy
F-1639-2023,Bakery
F-0981-2023,Dairy
F-0959-2024,Snacks/Candy
F-0673-2023,Produce
F-1063-2023,Grains/Cereal
F-1216-2023,Spices/Condiments
F-1071-2023,Grains/Cereal
F-0566-2024,Dairy
F-0861-2023,Snacks/Candy
F-0060-2024,Prepared/Frozen
F-0559-2023,Bakery
F-1059-2023,Grains/Cereal
F-0642-2023,Prepared/Frozen
F-0788-2023,Plant Protein
F-0989-2024,Grains/Cereal
F-0982-2024,Snacks/Candy
F-0176-2024,Prepared/Frozen
F-0551-2024,Dairy
F-1404-2023,Snacks/Candy
F-1203-2023,Spices/Condiments
F-1126-2023,Spices/Condiments
F-1223-2023,Food Additives/Ingredients
F-1456-2023,Beverages
F-0118-2024,Prepared/Frozen
F-0688-2023,Spices/Condiments
F-0825-2023,Produce
F-0823-2023,Produce
F-0876-2023,Snacks/Candy
F-0279-2024,Prepared/Frozen
F-1213-2023,Spices/Condiments
F-0103-2024,Produce
F-0278-2024,Prepared/Frozen
F-0477-2024,Beverages
F-1046-2023,Grains/Cereal
F-0798-2023,Plant Protein
F-1447-2023,Spices/Condiments
F-0400-2024,Produce
F-0788-2024,Bakery
F-0556-2023,Prepared/Frozen
F-0943-2023,Supplements
F-0760-2024,Prepared/Frozen
F-0721-2023,Grains/Cereal
F-0058-2024,Prepared/Frozen
F-0944-2023,Supplements
F-0538-2023,Produce
F-1035-2023,Grains/Cereal
F-1026-2023,Grains/Cereal
F-0508-2024,Dairy
F-1222-2023,Food Additives/Ingredients
F-0979-2023,Dairy
F-1108-2023,Grains/Cereal
F-0555-2023,Prepared/Frozen
F-1165-2023,Spices/Condiments
F-1675-2023,Snacks/Candy
F-0968-2023,Food Additives/Ingredients
F-0658-2024,Prepared/Frozen
F-0942-2023,Supplements
F-1682-2023,Bakery
F-0741-2023,Produce
F-1160-2023,Spices/Condiments
F-0373-2023,Snacks/Candy
F-1002-2023,Prepared/Frozen
F-0616-2024,Produce
F-1070-2023,Grains/Cereal
F-1602-2023,Produce
F-1205-2023,Spices/Condiments
F-0762-2023,Bakery
F-1348-2023,Grains/Cereal
F-0577-2023,Prepared/Frozen
F-1640-2023,Bakery
F-1068-2023,Grains/Cereal
F-1162-2023,Spices/Condiments
F-1147-2023,Uncategorized
F-1045-2023,Grains/Cereal
F-0859-2023,Beverages
F-0988-2024,Grains/Cereal
F-0864-2023,Spices/Condiments
F-0474-2023,Prepared/Frozen
F-0826-2023,Produce
F-1098-2023,Grains/Cereal
F-0999-2024,Snacks/Candy
F-0516-2023,Prepared/Frozen
F-0526-2023,Prepared/Frozen
F-0175-2024,Prepared/Frozen
F-1107-2023,Grains/Cereal
F-1298-2023,Snacks/Candy
F-0555-2024,Dairy
F-1277-2023,Snacks/Candy
F-0791-2023,Plant Protein
F-0947-2023,Supplements
F-0789-2023,Plant Protein
F-1032-2023,Grains/Cereal
F-0494-2023,Prepared/Frozen
F-1337-2023,Produce
F-0172-2024,Prepared/Frozen
F-1345-2023,Bakery
F-0545-2024,Dairy
F-0784-2023,Plant Protein
F-1285-2023,Snacks/Candy
F-0519-2024,Dairy
F-0801-2023,Plant Protein
F-1186-2023,Spices/Condiments
F-0969-2023,Supplements
F-1342-2023,Snacks/Candy
F-1020-2023,Spices/Condiments
F-0641-2023,Prepared/Frozen
F-0493-2023,Prepared/Frozen
F-1034-2023,Grains/Cereal
F-0799-2023,Plant Protein
F-1185-2023,Spices/Condiments
F-0808-2024,Produce
F-0774-2024,Bakery
F-1031-2023,Grains/Cereal
F-1094-2023,Grains/Cereal
F-0980-2023,Dairy
F-0761-2023,Bakery
F-0946-2023,Supplements
F-0078-2024,Prepared/Frozen
F-1138-2023,Spices/Condiments
F-0549-2024,Dairy
F-1681-2023,Snacks/Candy
F-1685-2023,Snacks/Candy
F-0923-2023,Produce
F-1029-2023,Grains/Cereal
F-0669-2023,Produce
F-0623-2023,Dairy
F-1679-2023,Snacks/Candy
F-0729-2023,Grains/Cereal
F-1116-2023,Spices/Condiments
F-1005-2023,Supplements
F-1494-2023,Produce
F-0374-2023,Snacks/Candy
F-0983-2023,Dairy
F-1332-2023,Produce
F-0781-2023,Plant Protein
F-1019-2023,Spices/Condiments
F-1140-2023,Spices/Condiments
F-0852-2023,Beverages
F-0934-2023,Nuts/Seeds
F-0807-2024,Produce
F-1030-2023,Grains/Cereal
F-0470-2024,Snacks/Candy
F-1353-2023,Bakery
F-1095-2023,Grains/Cereal
F-0171-2024,Prepared/Frozen
F-0752-2023,Bakery
F-1699-2023,Snacks/Candy
F-0479-2023,Produce
F-0865-2023,Snacks/Candy
F-0860-2023,Snacks/Candy
F-0941-2023,Supplements
F-0800-2023,Plant Protein
F-1069-2023,Grains/Cereal
F-1018-2023,Spices/Condiments
F-0479-2024,Beverages
F-1336-2023,Produce
F-1224-2023,Supplements
F-1282-2023,Snacks/Candy
F-1662-2023,Snacks/Candy
F-0845-2023,Beverages
F-0185-2024,Prepared/Frozen
F-1034-2024,Produce
F-1383-2023,Dairy
F-1237-2023,Beverages
F-0230-2024,Prepared/Frozen
F-1133-2023,Beef/Pork/Poultry/Game Meats
F-0722-2023,Grains/Cereal
F-0557-2023,Prepared/Frozen
F-0982-2023,Dairy
F-0310-2024,Bakery
F-0945-2023,Supplements
F-1117-2023,Beef/Pork/Poultry/Game Meats
F-0610-2023,Supplements
F-1297-2023,Supplements
F-1339-2023,Produce
F-0645-2024,Produce
F-0401-2024,Produce
F-0954-2024,Snacks/Candy
F-1281-2023,Snacks/Candy
F-0174-2024,Prepared/Frozen
F-0170-2024,Prepared/Frozen
F-1065-2023,Grains/Cereal
F-0505-2023,Prepared/Frozen
F-0795-2023,Plant Protein
F-1167-2023,Spices/Condiments
F-1283-2023,Snacks/Candy
F-1280-2023,Snacks/Candy
F-0966-2023,Produce
F-1078-2023,Grains/Cereal
F-0794-2023,Plant Protein
F-0783-2023,Plant Protein
F-0790-2023,Plant Protein
F-1154-2023,Spices/Condiments
F-0830-2023,Spices/Condiments
F-1519-2023,Nuts/Seeds
F-0084-2024,Prepared/Frozen
F-1006-2023,Supplements
F-1469-2023,Snacks/Candy
F-1350-2023,Bakery
F-1048-2023,Grains/Cereal
F-0366-2024,Produce
F-0464-2023,Prepared/Frozen
F-0953-2023,Non-Food Item
F-0958-2024,Snacks/Candy
F-0949-2023,Supplements
F-0122-2024,Prepared/Frozen
F-1284-2023,Snacks/Candy
F-1546-2023,Supplements
F-0567-2023,Prepared/Frozen
F-0532-2023,Prepared/Frozen
F-0300-2024,Produce
F-1139-2023,Spices/Condiments
F-1072-2023,Grains/Cereal
F-1686-2023,Snacks/Candy
F-0059-2024,Prepared/Frozen
F-1358-2023,Bakery
F-0957-2024,Snacks/Candy
F-0948-2023,Supplements
F-1042-2023,Grains/Cereal
F-1513-2023,Supplements
F-0848-2023,Beverages
F-0951-2024,Snacks/Candy
F-0714-2024,Prepared/Frozen
F-0671-2023,Produce
F-1143-2023,Spices/Condiments
F-1452-2023,Produce
F-0476-2024,Produce
F-1033-2023,Grains/Cereal
F-0556-2024,Dairy
F-1278-2023,Snacks/Candy
F-1202-2023,Spices/Condiments
F-1276-2023,Snacks/Candy
F-1200-2023,Spices/Condiments
F-0657-2024,Prepared/Frozen
F-0167-2024,Prepared/Frozen
F-1033-2024,Produce
F-0782-2023,Plant Protein
F-0662-2024,Uncategorized
F-1130-2023,Beef/Pork/Poultry/Game Meats
F-1333-2023,Produce
F-0780-2023,Plant Protein
F-1176-2023,Spices/Condiments
F-0940-2023,Supplements
F-1522-2023,Plant Protein
F-0793-2023,Plant Protein
F-0104-2024,Produce
F-1044-2023,Grains/Cereal
F-1067-2023,Grains/Cereal
F-0953-2024,Snacks/Candy
F-0173-2024,Prepared/Frozen
F-0785-2023,Plant Protein
F-1663-2023,Snacks/Candy
F-0952-2024,Snacks/Candy
F-0938-2024,Snacks/Candy
F-0415-2023,Spices/Condiments
F-1674-2023,Snacks/Candy
F-1101-2023,Grains/Cereal
F-0478-2024,Beverages
F-0518-2024,Dairy
F-0650-2023,Supplements
F-1066-2023,Grains/Cereal
F-0797-2023,Plant Protein
F-1215-2023,Spices/Condiments
F-0284-2024,Prepared/Frozen
F-1449-2023,Uncategorized
F-0939-2024,Snacks/Candy
F-0820-2023,Supplements
F-1668-2023,Snacks/Candy
F-0199-2024,Prepared/Frozen
F-1279-2023,Snacks/Candy
F-0786-2023,Plant Protein
F-1446-2023,Spices/Condiments
F-0970-2023,Produce
F-0520-2024,Dairy
F-0874-2023,Snacks/Candy
F-1356-2023,Bakery
F-0177-2024,Prepared/Frozen
F-1518-2023,Nuts/Seeds
F-0231-2024,Prepared/Frozen
F-1502-2023,Spices/Condiments
F-0307-2023,Produce
F-0169-2024,Prepared/Frozen
F-0168-2024,Prepared/Frozen
F-1064-2023,Grains/Cereal
F-0756-2023,Food Additives/Ingredients
F-1170-2024,Supplements
F-1333-2024,Food Additives/Ingredients
F-0848-2024,Dairy
F-0206-2025,Prepared/Frozen
F-1492-2024,Produce
F-1284-2024,Beverages
F-0828-2024,Dairy
F-0583-2025,Bakery
F-1643-2024,Bakery
F-1690-2024,Produce
F-1709-2024,Produce
F-1422-2024,Produce
F-1663-2024,Snacks/Candy
F-0154-2025,Prepared/Frozen
F-1478-2024,Produce
F-1164-2024,Supplements
F-0844-2024,Beef/Pork/Poultry/Game Meats
F-1309-2024,Food Additives/Ingredients
F-1323-2024,Food Additives/Ingredients
F-0157-2025,Prepared/Frozen
F-1681-2024,Produce
F-0173-2025,Prepared/Frozen
F-0834-2024,Dairy
F-1647-2024,Snacks/Candy
F-1269-2024,Snacks/Candy
F-0203-2025,Prepared/Frozen
F-0434-2025,Dairy
F-0165-2025,Prepared/Frozen
F-0931-2024,Produce
F-1325-2024,Food Additives/Ingredients
F-0153-2025,Prepared/Frozen
F-1126-2024,Spices/Condiments
F-1536-2024,Snacks/Candy
F-1762-2024,Produce
F-1641-2024,Non-Food Item
F-0191-2025,Prepared/Frozen
F-1686-2024,Produce
F-1171-2024,Supplements
F-0239-2025,Beverages
F-1516-2024,Non-Food Item
F-0838-2024,Dairy
F-1677-2024,Produce
F-0337-2025,Produce
F-0283-2025,Prepared/Frozen
F-0271-2025,Prepared/Frozen
F-1317-2024,Food Additives/Ingredients
F-1700-2024,Produce
F-0200-2025,Prepared/Frozen
F-0171-2025,Prepared/Frozen
F-1354-2024,Spices/Condiments
F-1727-2024,Bakery
F-0212-2025,Prepared/Frozen
F-1725-2024,Bakery
F-1175-2024,Non-Food Item
F-0068-2025,Supplements
F-0820-2024,Produce
F-0202-2025,Prepared/Frozen
F-1121-2024,Spices/Condiments
F-0879-2024,Grains/Cereal
F-0179-2025,Prepared/Frozen
F-1355-2024,Spices/Condiments
F-1315-2024,Food Additives/Ingredients
F-0172-2025,Prepared/Frozen
F-0162-2025,Prepared/Frozen
F-0151-2025,Prepared/Frozen
F-1775-2024,Spices/Condiments
F-1169-2024,Supplements
F-1493-2024,Produce
F-1721-2024,Bakery
F-0308-2025,Uncategorized
F-0836-2024,Dairy
F-0187-2025,Prepared/Frozen
F-0214-2025,Prepared/Frozen
F-1644-2024,Bakery
F-0176-2025,Prepared/Frozen
F-1177-2024,Prepared/Frozen
F-1726-2024,Bakery
F-1358-2024,Snacks/Candy
F-0180-2025,Prepared/Frozen
F-1719-2024,Bakery
F-0178-2025,Prepared/Frozen
F-0823-2024,Dairy
F-0343-2025,Produce
F-0199-2025,Prepared/Frozen
F-1271-2024,Snacks/Candy
F-0865-2024,Snacks/Candy
F-1004-2024,Produce
F-0211-2025,Prepared/Frozen
F-0177-2025,Prepared/Frozen
F-0891-2024,Uncategorized
F-1752-2024,Produce
F-1165-2024,Supplements
F-1167-2024,Supplements
F-1047-2024,Bakery
F-1312-2024,Food Additives/Ingredients
F-0174-2025,Prepared/Frozen
F-0581-2025,Bakery
F-0895-2024,Uncategorized
F-1711-2024,Produce
F-0208-2025,Prepared/Frozen
F-1330-2024,Food Additives/Ingredients
F-0198-2025,Prepared/Frozen
F-0858-2024,Prepared/Frozen
F-0168-2025,Prepared/Frozen
F-0928-2024,Dairy
F-1307-2024,Food Additives/Ingredients
F-0195-2025,Prepared/Frozen
F-1324-2024,Food Additives/Ingredients
F-0161-2025,Prepared/Frozen
F-0039-2025,Produce
F-0163-2025,Prepared/Frozen
F-0155-2025,Prepared/Frozen
F-1339-2024,Food Additives/Ingredients
F-0158-2025,Prepared/Frozen
F-1816-2024,Produce
F-0921-2024,Dairy
F-1168-2024,Supplements
F-0286-2025,Spices/Condiments
F-1710-2024,Produce
F-0929-2024,Dairy
F-1689-2024,Produce
F-1755-2024,Plant Protein
F-0129-2025,Prepared/Frozen
F-1122-2024,Spices/Condiments
F-0920-2024,Dairy
F-0376-2025,Snacks/Candy
F-0196-2025,Prepared/Frozen
F-1688-2024,Produce
F-0886-2024,Grains/Cereal
F-0305-2025,Spices/Condiments
F-1242-2024,Produce
F-1538-2024,Snacks/Candy
F-1313-2024,Food Additives/Ingredients
F-0582-2025,Bakery
F-0888-2024,Grains/Cereal
F-0254-2025,Spices/Condiments
F-1678-2024,Produce
F-0092-2025,Prepared/Frozen
F-0837-2024,Dairy
F-1714-2024,Bakery
F-0150-2025,Prepared/Frozen
F-1223-2024,Plant Protein
F-1534-2024,Snacks/Candy
F-1172-2024,Supplements
F-0159-2025,Prepared/Frozen
F-1311-2024,Food Additives/Ingredients
F-1723-2024,Bakery
F-1162-2024,Supplements
F-0916-2024,Dairy
F-1166-2024,Supplements
F-1720-2024,Bakery
F-0932-2024,Produce
F-1327-2024,Food Additives/Ingredients
F-1260-2024,Spices/Condiments
F-1310-2024,Food Additives/Ingredients
F-1038-2024,Dairy
F-0213-2025,Prepared/Frozen
F-1695-2024,Produce
F-1257-2024,Prepared/Frozen
F-0182-2025,Prepared/Frozen
F-1642-2024,Bakery
F-1258-2024,Bakery
F-0841-2024,Dairy
F-1331-2024,Food Additives/Ingredients
F-1305-2024,Food Additives/Ingredients
F-0181-2025,Prepared/Frozen
F-0842-2024,Dairy
F-0327-2025,Prepared/Frozen
F-1685-2024,Produce
F-0349-2025,Produce
F-0822-2024,Dairy
F-1332-2024,Food Additives/Ingredients
F-0547-2025,Snacks/Candy
F-0831-2024,Dairy
F-0205-2025,Prepared/Frozen
F-0055-2025,Spices/Condiments
F-1712-2024,Produce
F-0332-2025,Produce
F-0167-2025,Prepared/Frozen
F-0103-2025,Bakery
F-1523-2024,Snacks/Candy
F-0894-2024,Uncategorized
F-1708-2024,Produce
F-0810-2024,Supplements
F-1163-2024,Supplements
F-1713-2024,Bakery
F-0901-2024,Uncategorized
F-1779-2024,Spices/Condiments
F-1092-2024,Spices/Condiments
F-1648-2024,Prepared/Frozen
F-1646-2024,Snacks/Candy
F-1519-2024,Supplements
F-0850-2024,Dairy
F-1308-2024,Food Additives/Ingredients
F-0827-2024,Dairy
F-1334-2024,Food Additives/Ingredients
F-0908-2024,Spices/Condiments
F-1329-2024,Food Additives/Ingredients
F-0885-2024,Grains/Cereal
F-0826-2024,Dairy
F-0839-2024,Dairy
F-1707-2024,Produce
F-0830-2024,Dairy
F-0160-2025,Prepared/Frozen
F-0893-2024,Uncategorized
F-1541-2024,Snacks/Candy
F-0166-2025,Prepared/Frozen
F-0881-2024,Grains/Cereal
F-1668-2024,Snacks/Candy
F-1093-2024,Spices/Condiments
F-0324-2025,Produce
F-1159-2024,Supplements
F-0209-2025,Prepared/Frozen
F-0197-2025,Prepared/Frozen
F-1345-2024,Spices/Condiments
F-1724-2024,Bakery
F-1796-2024,Spices/Condiments
F-1477-2024,Produce
F-1753-2024,Spices/Condiments
F-0829-2024,Dairy
F-1203-2024,Beverages
F-0194-2025,Prepared/Frozen
F-1270-2024,Snacks/Candy
F-1611-2024,Dairy
F-0170-2025,Prepared/Frozen
F-0145-2025,Dairy
F-0141-2025,Bakery
F-1716-2024,Bakery
F-1717-2024,Bakery
F-0832-2024,Dairy
F-0833-2024,Dairy
F-1328-2024,Uncategorized
F-0778-2024,Nuts/Seeds
F-1479-2024,Produce
F-1350-2024,Grains/Cereal
F-0880-2024,Grains/Cereal
F-0900-2024,Non-Food Item
F-1321-2024,Food Additives/Ingredients
F-0070-2025,Beverages
F-0342-2025,Produce
F-1259-2024,Supplements
F-0927-2024,Dairy
F-1715-2024,Bakery
F-1736-2024,Produce
F-0105-2025,Bakery
F-1097-2024,Supplements
F-1718-2024,Bakery
F-1649-2024,Prepared/Frozen
F-1390-2024,Supplements
F-1764-2024,Produce
F-1680-2024,Produce
F-1518-2024,Grains/Cereal
F-1299-2024,Bakery
F-1075-2024,Produce
F-1322-2024,Food Additives/Ingredients
F-0183-2025,Prepared/Frozen
F-1149-2024,Spices/Condiments
F-0152-2025,Prepared/Frozen
F-0164-2025,Prepared/Frozen
F-0335-2025,Produce
F-0138-2025,Produce
F-0156-2025,Prepared/Frozen
F-0069-2025,Produce
F-1320-2024,Food Additives/Ingredients
F-1074-2024,Produce
F-1722-2024,Bakery
F-0849-2024,Dairy
F-1679-2024,Produce
F-1794-2024,Produce
F-0413-2025,Nuts/Seeds
F-0210-2025,Prepared/Frozen
F-1006-2024,Produce
F-1737-2024,Supplements
F-0824-2024,Dairy
F-1517-2024,Grains/Cereal
F-1154-2024,Spices/Condiments
F-1754-2024,Spices/Condiments
F-0835-2024,Dairy
F-0201-2025,Prepared/Frozen
F-0917-2024,Dairy
H-0245-2025,Produce
H-0254-2025,Bakery
H-0255-2025,Bakery
H-0417-2026,Spices/Condiments
H-0124-2026,Prepared/Frozen
F-0568-2025,Produce
H-0360-2026,Bakery
H-0014-2026,Nuts/Seeds
H-0143-2026,Prepared/Frozen
H-0459-2026,Produce
H-0082-2025,Spices/Condiments
H-0016-2026,Nuts/Seeds
H-0393-2026,Supplements
H-0409-2025,Beverages
F-0664-2025,Beverages
H-0465-2025,Dairy
H-0588-2025,Supplements
F-0887-2025,Prepared/Frozen
F-0726-2025,Produce
H-0062-2025,Spices/Condiments
H-0410-2025,Bakery
H-0554-2025,Produce
H-0533-2025,Nuts/Seeds
H-0083-2026,Prepared/Frozen
H-0015-2026,Nuts/Seeds
F-0627-2025,Produce
H-0209-2026,Seafood
H-0444-2025,Supplements
H-0017-2026,Nuts/Seeds
H-0169-2026,Spices/Condiments
H-0250-2025,Produce
F-0668-2025,Produce
H-0018-2026,Nuts/Seeds
F-0719-2025,Snacks/Candy
H-0514-2026,Non-Food Item
H-0371-2026,Dairy
F-0936-2025,Supplements
H-0330-2025,Produce
H-0107-2026,Beverages
H-0505-2025,Supplements
H-0007-2025,Supplements
H-0083-2025,Spices/Condiments
H-0368-2025,Bakery
H-0328-2025,Produce
H-0309-2026,Supplements
F-0554-2025,Produce
H-0248-2025,Produce
H-0249-2025,Produce
H-0090-2025,Supplements
H-0469-2025,Dairy
H-0204-2026,Supplements
F-0665-2025,Plant Protein
H-0244-2026,Non-Food Item
H-0441-2025,Supplements
H-0106-2026,Beverages
H-0012-2026,Supplements
F-0680-2025,Produce
H-0513-2026,Non-Food Item
H-0279-2025,Produce
H-0416-2025,Dairy
H-0900-2026,Supplements
F-0841-2025,Prepared/Frozen
H-0637-2025,Baking Supplies
H-0321-2025,Plant Protein
F-0480-2025,Bakery
H-0243-2026,Non-Food Item
H-0612-2025,Prepared/Frozen
H-0022-2026,Supplements
F-0487-2025,Bakery
H-0445-2025,Supplements
F-0522-2025,Bakery
F-0659-2025,Supplements
H-0372-2026,Dairy
H-0283-2025,Snacks/Candy
F-0888-2025,Prepared/Frozen
H-0369-2025,Bakery
F-0727-2025,Produce
H-0466-2025,Dairy
F-0478-2025,Bakery
H-0108-2026,Beverages
H-0079-2026,Grains/Cereal
H-0470-2025,Dairy
F-0902-2025,Prepared/Frozen
H-0304-2026,Non-Food Item
H-0448-2026,Spices/Condiments
H-0461-2025,Dairy
H-0365-2026,Produce
H-0128-2026,Dairy
H-0468-2025,Dairy
H-0172-2026,Spices/Condiments
H-0410-2026,Snacks/Candy
F-0497-2025,Bakery
H-0512-2026,Non-Food Item
H-0211-2026,Dairy
F-0806-2025,Plant Protein
F-0648-2025,Produce
F-0500-2025,Bakery
F-0507-2025,Bakery
F-0713-2025,Snacks/Candy
F-0511-2025,Bakery
H-0320-2025,Plant Protein
H-0106-2025,Seafood
H-0587-2025,Supplements
F-0708-2025,Bakery
H-0012-2025,Beverages
H-0369-2026,Dairy
F-0912-2025,Produce
F-0655-2025,Supplements
H-0061-2025,Spices/Condiments
H-0208-2025,Prepared/Frozen
H-0380-2025,Spices/Condiments
F-0486-2025,Bakery
H-0377-2025,Bakery
H-0442-2026,Supplements
H-0081-2026,Grains/Cereal
H-0444-2026,Spices/Condiments
H-0208-2026,Spices/Condiments
H-0224-2025,Produce
F-0694-2025,Produce
H-0242-2026,Non-Food Item
H-0446-2025,Supplements
H-0333-2025,Prepared/Frozen
F-0662-2025,Supplements
H-0636-2025,Produce
H-0235-2025,Produce
H-0227-2025,Produce
F-0842-2025,Prepared/Frozen
H-0203-2026,Spices/Condiments
H-0222-2026,Supplements
H-0313-2026,Spices/Condiments
H-0361-2025,Bakery
H-0087-2025,Grains/Cereal
H-0373-2026,Dairy
F-0728-2025,Produce
H-0265-2025,Produce
H-0084-2026,Produce
H-0466-2026,Spices/Condiments
H-0238-2025,Produce
F-0906-2025,Prepared/Frozen
F-0778-2025,Produce
H-0241-2025,Produce
H-0367-2026,Dairy
H-0370-2026,Dairy
H-0234-2026,Non-Food Item
H-0201-2026,Prepared/Frozen
F-0703-2025,Produce
H-0388-2026,Spices/Condiments
H-0349-2026,Non-Food Item
H-0070-2026,Spices/Condiments
H-0467-2025,Dairy
H-0033-2026,Seafood
H-0368-2026,Dairy
F-0482-2025,Bakery
F-0738-2025,Produce
H-0443-2025,Supplements
H-0025-2025,Prepared/Frozen
H-0240-2025,Produce
H-0071-2025,Spices/Condiments
H-0457-2025,Uncategorized
H-0471-2025,Dairy
F-0846-2025,Prepared/Frozen
H-0615-2025,Prepared/Frozen
H-0602-2026,Supplements
H-0614-2025,Prepared/Frozen
H-0442-2025,Supplements
H-0230-2025,Produce
H-0080-2026,Grains/Cereal
H-0374-2026,Dairy
H-0835-2026,Nuts/Seeds
H-1180-2026,Supplements
H-1166-2026,Dairy
H-0919-2026,Bakery
H-0991-2026,Prepared/Frozen
H-1179-2026,Beverages
H-0988-2026,Prepared/Frozen
H-1085-2026,Dairy
H-0788-2026,Supplements
H-0469-2026,Supplements
H-0478-2026,Supplements
H-0773-2026,Spices/Condiments
H-0993-2026,Prepared/Frozen
H-1172-2026,Dairy
H-0490-2026,Baking Supplies
H-1160-2026,Dairy
H-1175-2026,Nuts/Seeds
H-1136-2026,Beef/Pork/Poultry/Game Meats
H-0724-2026,Dairy
H-1094-2026,Dairy
H-0477-2026,Supplements
H-0696-2026,Plant Protein
H-0987-2026,Prepared/Frozen
H-1176-2026,Produce
H-1159-2026,Dairy
H-1144-2026,Supplements
H-1089-2026,Dairy
H-1082-2026,Dairy
H-0480-2026,Supplements
H-0468-2026,Supplements
H-1083-2026,Dairy
H-0789-2026,Supplements
H-0695-2026,Plant Protein
H-0790-2026,Supplements
H-0783-2026,Supplements
H-0791-2026,Supplements
H-1169-2026,Dairy
H-0612-2026,Food Additives/Ingredients
H-0946-2026,Bakery
H-0834-2026,Nuts/Seeds
H-1079-2026,Supplements
H-1090-2026,Dairy
H-0765-2026,Dairy
H-1168-2026,Dairy
H-1173-2026,Dairy
H-0917-2026,Bakery
H-1141-2026,Plant Protein
H-0540-2026,Bakery
H-0672-2026,Beverages
H-0949-2026,Bakery
H-1161-2026,Dairy
H-0774-2026,Nuts/Seeds
H-1170-2026,Dairy
H-0905-2026,Nuts/Seeds
H-1163-2026,Dairy
H-0571-2026,Snacks/Candy
H-0742-2026,Dairy
H-0945-2026,Bakery
H-0794-2026,Supplements
H-0690-2026,Uncategorized
H-0828-2026,Spices/Condiments
H-0648-2026,Bakery
H-0785-2026,Supplements
H-1093-2026,Dairy
H-0782-2026,Supplements
H-0952-2026,Spices/Condiments
H-0793-2026,Supplements
H-0784-2026,Supplements
H-0992-2026,Prepared/Frozen
H-0748-2026,Dairy
H-1164-2026,Dairy
H-0766-2026,Dairy
H-0792-2026,Supplements
H-0539-2026,Snacks/Candy
H-0610-2026,Food Additives/Ingredients
H-0497-2026,Uncategorized
H-0833-2026,Nuts/Seeds
H-1091-2026,Dairy
H-0649-2026,Bakery
H-0918-2026,Bakery
H-0637-2026,Supplements
H-0683-2026,Snacks/Candy
H-1084-2026,Dairy
H-0524-2026,Plant Protein
H-0681-2026,Produce
H-1162-2026,Dairy
H-0780-2026,Produce
H-0694-2026,Plant Protein
H-1044-2026,Beef/Pork/Poultry/Game Meats
H-0611-2026,Food Additives/Ingredients
