recall_number,product_description,expected_category,sample_reason
F-0023-2015,"Shell Eggs packaged under the following labels:    (1) Abbotsford Farms Cage Free Pasteurized Shell Eggs, Grade A Large Brown Eggs, packaged as 15 dozen per 1 case.  Distributed by Abbotsford Farms, Gaylord, MN 55334.  UPC Code 1 00 14616 64010 7.    (2) AbbotsFord Farms Cage Free 1 Dozen Large Eggs Pasteurized for Safety. The product was packaged as 1 case of 15 1-dozen eggs per carton.  Distributed by Abbotsford Farms, Gaylord, MN 55334.  UPC Code 1 00 14616 64010 6.    (3) Pepetti's Pasteurized Shell Eggs made with Grade A Large White Eggs, packaged as 15 dozen per 1 case.  Distributed by:  Michael Foods, Inc., Minnetonka, MN 55305.  UPC Code 1 07 46025 86990 7.    (4) Glenview Farms Pasteurized Shell Eggs made with Grade A Large White Eggs, packaged as 15 dozen per 1 case.  Distributed by U.S. Foodservice Inc., Rosemount, IL 60018.  UPC Code 5 07 58108 62234 5.    (5) Crystal Farms One Dozen Large Eggs, Pasteurized Eggs. The product was packaged as 1 case of 15 1-dozen eggs per carton.  Distributed by Crystal Farms, Lake Mills, WI 53551-0753.  UPC Code 1 00 75925 00032 6.      (6) GFS Large Pasteurized Eggs, packaged as 15 dozen per 1 case.  Distributed by Gordon Food Service, Grand Rapids, MI 49548.  UPC Code 0 00 93901 26545 6.",Eggs,probe
F-0147-2017,"Shell eggs, various sizes, packaged in the following ways:  6-count cartons, 10-count cartons, 12-count cartons, 18-count cartons, 15 dozen cases, and 30 dozen cases; under the brand name Good Earth Egg Company and MO license # D-01124.  The responsible firm name is Good Earth Egg Company, Bonne Terre, MO",Eggs,probe
F-1410-2018,"Shell Eggs packaged in quantities and styles of pack (plastic and pulp cartons, flats, and boxes)",Eggs,probe
H-0210-2025,"--- Shell Eggs; Brown; Various sizes - medium, large, and jumbo; Various pack sizes - 5, 12, 18, and Loose ----   Clover Organic Large Brown 12 eggs ---  First Street Cage Free Large Brown Loose (1 case = 150 eggs) ---  Nulaid Medium Brown Cage Free 12 eggs ---  Nulaid Jumbo Brown Cage Free 12 eggs ---  O Organics Cage Free Large Brown 6 eggs ---  O Organics Large Brown 12 eggs ---  O Organics Large Brown 18 eggs ---  Marketside Organic Large Cage Free Brown 12 eggs ---  Marketside Organic Large Cage Free Brown 18 eggs ---  Marketside Large Cage Free Brown 12 eggs ---  Marketside Large Cage Free Brown 18 eggs ---  Raley's Large Cage Free Brown 12 eggs ---  Raley's Large Cage Free Brown 18 eggs ---  Raley's Organic Large Cage Free Brown 12 eggs ---  Raley's Organic Large Cage Free Brown 18 eggs ---  Simple Truth Medium Brown Cage Free 18 eggs ---  Simple Truth Large Brown Cage Free 18 eggs ---  Sun Harvest Organic Cage Free Large Brown 12 eggs ---  Sun Harvest Organic Cage Free Large Brown 18 eggs ---  Sunnyside Large Brown Cage Free 12 eggs ---  Sunnyside Large Brown Cage Free 18 eggs ---  Sunnyside Organic Cage Free Large Brown 12 eggs ---  Sunnyside Organic Cage Free Large Brown 18 eggs ---  Loose Small Brown Cage Free (1 box = 6 flats; 1 flat= 30 eggs) ---  Loose Medium Brown Cage Free (1 box = 6 flats; 1 flat= 30 eggs) ---  Loose Medium Brown Organic (1 box = 6 flats; 1 flat= 30 eggs) ---  Loose Large Brown Organic (1 box = 6 flats; 1 flat = 30 eggs) ---  Loose Jumbo Brown Cage Free (1 box = 5 flats; 1 flat = 20 eggs) ---  Loose Jumbo Brown Organic (1 box = 5 flats; 1 flat = 20 eggs)",Eggs,probe
F-1626-2012,"Sysco brand Garden with Romaine, 4 x 5 lb bag, UPC: n/a; Product is a salad item; bagged in clear polyethylene film (foodservice) and polypropylene/polyethylene (retail). Refrigerate and consume within Best By date. Product is processed and packaged by River Ranch Fresh Foods, LLC",Produce,probe
F-1618-2012,"Fresh n Easy brand Garden with Romaine, 4 x 5 lb bag, UPC: n/a; Product is a salad item; bagged in clear polyethylene film (foodservice) and polypropylene/polyethylene (retail). Refrigerate and consume within Best By date. Product is processed and packaged by River Ranch Fresh Foods, LLC",Produce,probe
F-1606-2012,"River Ranch brand Shredded Romaine, 6 x 2 lb bag, UPC: n/a; Product is a salad item; bagged in clear polyethylene film (foodservice) and polypropylene/polyethylene (retail). Refrigerate and consume within Best By date. Product is processed and packaged by River Ranch Fresh Foods, LLC",Produce,probe
F-1614-2012,"Cross Valley brand Iceberg / Romaine w/Color, 4 x 5 lb bag, UPC: n/a; Product is a salad item; bagged in clear polyethylene film (foodservice) and polypropylene/polyethylene (retail). Refrigerate and consume within Best By date. Product is processed and packaged by River Ranch Fresh Foods, LLC",Produce,probe
F-2320-2014,"PriceRite Spring Water Net 1 GAL (3.78 L) Distributed by P.R.R.C. Inc. 5000 Riverside Drive Keasby, NJ 00832   UPC 041190755189",Beverages,probe
F-2319-2014,"Shoprite Spring Water Net 1 GAL (120 Fl Oz.) 3.78L  Distributed by Wakefern Food Corp Elizabeth, NJ Made in USA  UPC 041190007196",Beverages,probe
F-1949-2014,"On cap  100% Spring Water  Bottled at Aqua Filter Fresh, Inc., Pittsburgh, PA  15239  Source Boiling Spring, Oakland, MD 21550    On bottle side:  Tyler Mountain  Water & Coffee    In 3 gallon and 5 gallon plastic bottles",Beverages,probe
F-2772-2015,"Lime Flavored Electrolyte bottled Water, sold under brand Refreshe.  Each bottle is 1 Liter (33.8 Fl. oz.).  This brand has the UPC 0 21130-24208 5.",Beverages,probe
F-2292-2012,"Meal Replacement product is labeled in part:  ""***The Perfect Shake***All of the Best***None of the Rest***foru***Dietary supplement***Net wt. 20 oz (1 lb 4 oz) (564 g)***A well balanced blend of old-world plant nutrition.***What's in The Perfect Shake supplement?  All of the best, and none of the rest, in amounts that are the right balance for you.***More than just the best ingredients, The perfect Shake supplement is made from the optimal ratio of the right ingredients, scientifically designed to supplement a healthy diet and use along with your weight management program.**The Perfect Shake supplement is as much about what it doesn't contain as what it does.  There are no animal proteins (it's vegan).  No whey, soy or casein.  No ingredients produced using biotechnology.  No glutens.  No artificial sweeteners like sucralose or aspartame.***Maintaining your ideal energy levels and supporting your weight management goals shouldn't be a challenge; it should be easy, natural, and something anyone can do.***Try The Perfect Shake Supplement for 30 days.  If you don't love it, return the empty container for a full refund.***All of the Best***Ancient Grain Blend***Amaranth, Sorghum and Brown Rice***Richest sources of nutrients among grains***Metabolic Support Blend***Use as part of your diet to help promote healthy blood sugar levels***Promotes healthy metabolism* ***SuperFood Blend***With superfoods like spinach and carrot powders***Lycopene - the powerful anti-oxidant***Digestive Blend***Dietary fiber to support your digestive system***Guar gum to provide a gentle laxative***Beneficial bacteria to promote digestive health* ***Natural Flavoring and Sweeteners***NuStevia - sweeter than sugar without the unwanted effects***Natural vanilla flavor***None of the Rest***whole milk***gluten***lactose***processed sugar***fructose***casein protein***processed sugar***fructose***casein protein***synthetics***food dyes***artificial coloring***ingredients produced using biotechnology***artificial sweeteners***artificial flavorings***Directions for use:  For adults 18 years and older, mix one full scoop with water or skim milk.  Not for use by individuals under the age of 18.***Supplement Facts Serving Size 1oz***Servings Per Container: 30***Ancient Grain Blend 10g***Brown Rice, Amaranth, Sorghum***Metabolic Support Blend 346mg***Irvingia Gabonesis 4:1, Guarana PE 12% Chromium Picolinate, Slippery Elm Bark Spirulina Powder, Vita Choline, Mucuana Pruiens 25% To 40%, Noni PE 4:1, PPQ***SuperFood Blend 195mg***Spinach Powder, Carrot Powder, Pascalite Powder Horsetail Powder Ext. 7%, Lycopene 5%***Digestive Blend 5g***Fibers (Maltodextrin), UltraSmooth (Tic Gum) Guar Gun, Fungal Protease 100,000HUTG Lactobacillus Acidophilus 10 Billion***Other Ingredients:  Natural Vanilla Flavor, NuStevia***This product is derived from natural ingredients and therefore color may vary from lot to lot, and some ingredients may not dissolve as rapidly as other natural ingredients.***Keep lid tightly closed and in a dark, cool place.  Keep out of reach of children.  This product is sold by weight, not by volume.  Settling of contents may occur during shipping and handling.***Questions? 1-888-488-9493***Manufactured for foru international, inc. 1231 Greenway Drive, Ste. 200 Irving Texas 75038***""     The product is in white plastic bottles with Black Top. Product is packaged 12 bottles per case.  Product Form:  Powder. Dosage: 1 Scoop (16.6g) Product Description:  Cream color powder blend, somewhat vanilla scent.  Product use:  Intended use as meal replacement.",Dairy,probe
F-1753-2012,"Sienna Bakery¿ White Chocolate Macadamia Nut Gourmet Cookies, UPC 093901201706, NET WT /PESO NETO 54 OZ (3.38 LB) 1.52 kg, 40 Count Thaw & Serve, INGREDIENTS: ENRICHED WHEAT FLOUR, CHOCOLATE FLAKES (SUGAR, COCOA, BUTTER, WHOLE MILK POWDER, SKIM MILK POWDER, MILK FAT, SOY LECITHIN ADDED AS EMULSIFIER, VANILLA EXTRACT), BROWN SUGAR, WHITE SUGAR, WHITE CHUNK ( SUGAR, PARTIALLY HYDROGENATED PALM KERNEL AND PALM OILS, NONFAT DRY MILK, BUTTERFAT, SOY LECITHIN, ADDED AS EMULSIFIER, SALT AND ARTIFICIAL FLAVORING ADDED) BUTTER, WHOLE EGGS, MARGARINE(PARTIALLY HYDROGENATED SOYBEAN AND COTTONSEED OILS, WATER, SALT, BUTTERMILK, LECITHIN, VEGETABLE MONO AND DIGLYCERIDES, SORBIC ACID & SODIUM BENZOATE ADDED AS PRESERVATIVE ARTIFICIALLY FLAVORED, ARTIFICIALLY COLORED WITH BETA CAROTENE, VITAMIN A PALMITATE ADDED), M ACADEMIA NUTS, INVERT SUGAR, VANILLA (WATER, ETHYL ALCOHOL, CARMEL COLOR) , SALT, SODA BICARBONATE, CARMEL COLOR.), CONTAINS: WHEAT, MILK, EGG TREE NUT (MACADAMIA), SOY, Distributed by / Distribuido por Gordon Food Services, Grand Rapids, MI 49548",Dairy,probe
F-2113-2012,"Flavored cheddar cheese, vacuum packed in weights ranging from 0.25-0.50 pounds, labeled and batch coded by firm.  Cheese labeled in part:  ""Medium Cheddar Red Pepper with Onion & Garlic Pasteurized whole milk, salt, culture, vegetable rennet, spices.  r-BST free.***GOLDEN GLEN CREAMERY 15098 Field Road  Bow, WA 98232***887""",Dairy,probe
F-1717-2014,"Santa Rosa de Lima Cuajada Fresca (Fresh Cheese) , 16 oz packed in a rigid plastic container (Clamshell), Roos Foods Inc., Kenton, DE 19955 Plant No. 10-5436, UPC code 095548003538. (Ingredients: Pasteurized whole milk, enzymes, rennet & salt).",Dairy,probe
F-1622-2013,"Eco-Cuisine Reduced Sodium ""Ground Beef Style"" Quick Mix, SKU: AA10GBQM, Pack size 10 lb bag, 1 bags per case, Distributed by Eco-Cuisine and manufactured by All American Seasonings, Denver, CO; and TV10GBQM 10 lb bag distributed by Eco-Cuisine and manufactured by TOVA, Louisville, KY.",Beef/Pork/Poultry/Game Meats,probe
F-1274-2019,"Impossible Foods Bulk, 5 lb. vacuum sealed plastic-pack.  Keep Frozen;  This is a plant product that is looks like and is used like ground beef.  UPC: (01) 00816697020036;  Item # 60-00010",Beef/Pork/Poultry/Game Meats,probe
F-1527-2022,"MEAT AND POULTRY PRODUCTS    1. FRESH MKT  BEEF POT PIE   38OZ    	UPC 7818508518		38   OZ             	BUDD FOODS INC          2. PUERINGER SLC PEPPERONI BULK 5LB	UPC 3442921977		    5LB             	PERFORMANCE FOOD GRO    3. INNOVASIAN GEN TSO CHKN KIT	UPC 69511940200	4	    4LB             	INNOVASIAN CUISINE E    4. FONTANINI ITALIAN SAUSGE CKD 5 LB	UPC	3943721515		5    LB             	PERFORMANCE FOOD GRO    5. FONTANINI ITALIAN SAUSGE CKD 5 LB	UPC	3943721515		5    LB             	VISTAR/ VSA             6. FRONTERA GROUND BEEF SKILLET POUCH 8 OZ  	UPC	60418312170	6	8    OZ             	CONAGRA FOODS SALES     7. GOURMET BOUTIQUE TERIYAKI CHICKEN 4 Z	UPC	70612900142		4    OZ             	GOURMET BOUTIQUE LLC    8. SWIFT SLICED BACON BULK    	UPC	4531085094		15   LB             	DOT FOODS INC           9. COUNTRY CHEF CHICKEN POT PIE 9.5 OZ      	UPC	3805800325		9.5  OZ             	CARANDO GOURMET FROZ    10. GOURMET BOUTIQUE CHICKEN POT PIE 15 OZ   	UPC	70612903376		15   OZ             	GOURMET BOUTIQUE LLC    11. GOURMET BOUTIQUE CHICKEN POT PIE 15 OZ   	UPC	70612903376		15   OZ             	GOURMET BOUTIQUE LLC    12. KLEMENTS BEEF CHICAGO HOT DOG 5 LB	UPC	7360807271		    5LB             	KLEMENT SAUSAGE CO      13. KLEMENTS BEEF CHICAGO HOT DOG 5 LB	UPC	7360807271		    5LB             	KLEMENT SAUSAGE CO      14. SMTHFIELD BACON BITS 5LB   	UPC 7080014265		5    LB             	SMITHFIELD PACKAGED     15. FIELDALE BONELESS BREAST	UPC	1394171288		40   LB             	FIELDALE FARMS CORPO    15. FIELDALE BONELESS BREAST	UPC 1394171288		40   LB             	FIELDALE FARMS CORPO    16. FIELDALE BONELESS THIGHS	UPC	1394171491		   20LB             	FIELDALE FARMS CORPO    17. FIELDALE BONELESS THIGHS	UPC	1394171491	1	   20LB             	FIELDALE FARMS CORPO    18. FIELDALE SPLIT BREAST	UPC	1394171058	1	40   LB             	FIELDALE FARMS CORPO    19. FIELDALE SPLIT BREAST	UPC	1394171058	1	40   LB             	FIELDALE FARMS CORPO    20. FIELDALE CUT WINGS	UPC 1394171411	1	   20LB             	FIELDALE FARMS CORPO    21. FIELDALE CUT WINGS	UPC	1394171411		   20LB             	FIELDALE FARMS CORPO    22. FIELDALE TENDERS	UPC	1394171463		   20LB             	FIELDALE FARMS CORPO    23. PREMIO CHORIZO      	UPC	2836420616		10   LB             	PREMIO FOODS INC        24. PREMIO SWEET 8"" SWEET SAUSAGE     UPC	2836420725		10   LB             	PREMIO FOODS INC        25. IMPERIAL GARDEN CHICKEN EGG ROLL 4.2 OZ  	UPC	88012401870		4.2  OZ             	JYC ENTERPRISE INC      26. IMPERIAL GARDEN CHICKEN SPRING ROLL 1.5 OZ      UPC	88012401490		1.5  OZ             	JYC ENTERPRISE INC      27. FRESH MARKET  WEEKEND DRY RUB APPLEWOOD BACON   	UPC	73709421040		12   OZ             	WELLSHIRE FARMS INC     28. FREIRICH BEEF PASTRAMI ROUND   7.5 LB    	UPC	3797100135		7.5  LB             	FREIRICH FOODS INC      29. FRESKET GOURMET WHITE CHICKEN SALAD   5 LB      UPC	7790405199		5    LB             	ELEVATION FOODS LLC     30. GOURMET MINI MEATLOAF W/KET	UPC	70612903379	    5CT             	GOURMET BOUTIQUE LLC    31. SPRINGER FC SAVORY WINGS   	UPC	1394104203		5    LB             	FIELDALE FARMS CORPO    32. SPRINGER FC SAVORY WINGS   	UPC	1394104203		5    LB             	FIELDALE FARMS CORPO    33. SMTHFIELD BACON BITS 5LB   UPC 7080014265		    5LB             	SMITHFIELD PACKAGED     34. TFM SPLIT BREAST    	UPC	1394107059	   40LB             	FIELDALE FARMS CORPO    35. TFM SPLIT BREAST    	UPC	1394107059	   40LB             	FIELDALE FARMS CORPO    36. FREIRICH ANGUS BEEF FRANK BULK 5 LB      	UPC	3797110706		5    LB             	FREIRICH FOODS INC      37. FREIRICH ANGUS BEEF FRANK BULK 5 LB      	UPC	3797110706		5    LB             	FREIRICH FOODS INC      38. VERONI  PRESLICED PROSCIUTTO ITLIANO   4OZ      UPC	85680000657		4    OZ             	VERONI USA INC          39. VERONI  PRESLICED PROSCIUTTO ITLIANO   4OZ      	UPC	85680000657		4    OZ             	VERONI USA INC          40. VERONI PRE SLICED SALAME CALABRESE   4 OZ	UPC	856",Beef/Pork/Poultry/Game Meats,probe
F-2151-2012,Gills Onions were used in this product.     The product listed below is prepared at Whole Foods Market and distributed in their retail chef's case or on the self-service bar. It was not sold labeled.    SHRIMP WITH SNOW PEAS,Seafood,probe
F-0841-2013,"#828 Cook's Delight Shrimp Base, Net Weight 30 Pounds; 5 Pounds, Packed by Integrative Flavors, Michigan City, Indian",Seafood,probe
F-0684-2013,"Whole Foods Meal Shrimp Stir Fry, 16 oz plastic container, Refrigerated, Product Code 3640630222",Seafood,probe
F-1801-2012,"Meiko Foods Co. Inc. Cooked Shrimp Balls, 8 oz. Product labeling reads in part:"" TOM VIEN COOKED SHRIMP BALLS***MEIKO FOODS CO. INC South El Monte, CA***"".    The product is packaged in a plastic box liner with a knot tied at the top in a cardboard box.",Seafood,probe
F-0398-2013,"Sunland Natural Mixed Nut Butter, Crunchy Almonds and Peanuts, 16 oz, UPC 4868757906, produced by Sunland Inc, Portales, NM 88130.",Nuts/Seeds,probe
F-0559-2013,"Harry & David Crunchy Almond and Peanut Butter, 12 oz. jar., labeled in part: ""HARRY & DAVID CRUNCHY ALMOND AND PEANUT BUTTER***NET WT. 12 OZ. (340g)***INGREDIENTS: ROASTED ALMONDS, ROASTED PEANUTS, SEA SALT.***MADE FOR HARRY AND DAVID MEDFORD, OR 97501***7 80994 73873 7***""    The 12 oz. jars are sold individually and also as gift add-ons for gift baskets.     The gift baskets are listed below:    Harry & David Apple Snack Box;  Wolferman's Bee Sweet Gift Basket;  Wolferman's Hearty Snack Gift Basket;  Wolferman's All-Day Assortment Gift Basket;  Wolferman's Fathers Day Basket",Nuts/Seeds,probe
F-1378-2014,"Organic Almonds:  Baugher Ranch Organics;  Certified Organic by California Organic Farmers  May Contain occasional Shell fragments.  Keep Refrigerated; 25 lbs.    Baugher Farms, Orland, CA",Nuts/Seeds,probe
F-1476-2013,"Italian Cream Danish 8.5 oz (240g), 14pc/box.  UPC 0 10314 40056 4.    The pastry is braided and has yellow creamy swirls and sliced almonds.  The label is white with black lettering and a tan colored border.  The LL Bakery Logo is on the bottom left corner.",Nuts/Seeds,probe
F-1786-2012,"Kettle Brand Potato Chips, Sour Cream and Onion, 12/8.5oz, item # 0711387001, UPC 0 84114 11393 1",Snacks/Candy,probe
F-1787-2012,"Kettle Brand Potato Chips, New York Cheddar;  1) 24/1.5oz, item # 0712278000, UPC 0 8114 11271 2;  2) 24/2 oz item # 0703320000 UPC 0 84114 03320 8;  3) 15/5 oz item # 0710863000, UPC 0 84114 0094 1;  4) 12/8.5 oz item #'s 0710813001 and 0710813500 (different numbers for different geographical locations of distribution), UPC 0 84114 10813 5;  5) Canadian item 12/220 g item # 0711920000, UPC 0 84114 11907 0;  6) 100/5 oz  as part of a display, item # 0703450000;  7) Shipper containing 48/8.5 oz, item # 0711651001.",Snacks/Candy,probe
F-1788-2012,"Kettle Brand Potato Chips, Krinkle Cut Cheddar and Sour Cream;  1) 6/2 oz  (caddy) item # 0711770000, UPC 0 8114 11715 1;  2) 24/2 oz item # 0711714000, UPC 0 84114 11715 1;  3) 15/5 oz item # 0711718000, UPC 0 84114 11719 9;  4) 12/8.5 oz item #'s 0711726001 and 0711726500 (different numbers for different geographical locations of distribution), UPC 0 84114 11728 1;  5) 10/13 oz item # 0711716001, UPC 0 84114 11717 5;  6) 12/220 g item # 0711915000, UPC 0 84114 1190 5;  7) 10/397g item # 0711729000, UPC 0 84114 11731 1.",Snacks/Candy,probe
F-1789-2012,"Kettle Brand Potato Chips, Cheddar Beer, item #0712374000, UPC 0 84114 12375 6.",Snacks/Candy,probe
F-0676-2013,"Pierre Peanut Butter & Straw. Jam on White Bread, 2.80oz, AdvancePierre Foods, Inc., 9990 Princeton Glendale Road, Cincinnati, OH 45246.",Bakery,probe
F-1403-2012,"White brick oven WHITE BREAD INGREDIENTS: Spring Flour (unbleached), water vegetable shortning... Stahl's Bakery (586) 716-8500",Bakery,probe
F-0660-2013,"Pierre Peanut Butter & Grape Jelly on White Bread, 2.80oz, AdvancePierre Foods, Inc., 9990 Princeton Glendale Road, Cincinnati, OH 45246.",Bakery,probe
F-0781-2013,Zingerman's Bakehouse Olive Oil Cake Net wt. 1.25 lb,Oils/Fats,probe
F-1930-2012,"Conch Salad w/onions.  Product is labeled in part:  ""***KEYS FISHERIES CONCH SALAD***Ingredients Ground Conch, Fresh tomatoes, Fresh Cucmber, Mojo (grapefruit juice, lime juice, orange juice, extra virgin olive oil, garlic, onion, sugar, spices, cumin) Tomatoe juice, Line juice, Parsley, Black pepper, Salt, Spices, Paprika.***FRESH PRODUCT KEEP REFRIGERATED***""    CODE: 07294144950    Product was packaged in 5 lb plastic containers with 4 per case.    Onions used in the manufacture of the above item is subject to recall for Listeria monocytogenes.",Oils/Fats,probe
F-2140-2012,"Miso Dressing sold at the chef's case, self service bar, or sold packaged.  Packaged product is labeled as listed below:    ""WHOLE FOODS MARKET***MISODRESSING***WHITE MISO (WATER, RICE, WHOLE SOYBEAN, SEA SALT, KOJI STARTER), TOFU (FILTERED WATER, (NON-GMO) SOYBEANS, NATURAL COAGULANTS (CALCIUM CHLORIDE (NIGARI), CALCIUM SULFATE), EXTRA VIRGIN OLIVE OIL, WATER, APPLE CIDER VINEGAR (APPLE CIDER VINEGAR, WATER), ONIONS, TAMARI (WATER, SOYBEANS, SALT, ALCOHOL (TO PRESERVE FRESHNESS)), PARSLEY CONTAINS: SOY***""",Oils/Fats,probe
F-1427-2012,"Canned oysters.  Crown Prince Natural Smoked Oysters in Olive Oil, 3 oz. Each case is 3oz/18.",Oils/Fats,probe
F-2107-2012,Wegman's Caribbean Black Bean Soup 16 oz retail cup  Product Code: 85656,Plant Protein,probe
F-1874-2012,"MIX w/yellow onions used as an ingredient.  Product may be labeled in part:  ""***FP CENTRAL FL. FRESHCUTS MIXES, FC BLACK BEAN/CORN SALSA***2/5#***RT # FC***"".      Item # 511536  MIXES, FC BLACK BEAN/CORN SALS",Plant Protein,probe
F-2073-2012,"Calico bean Salad  5  lbs Poly Tub (Item #01409) packaged under Costa and Stop & Shop brand,  Item T1407, C1407, 5 lb Poly Bag  Black eye peas , water, salt, calcium chloride  and disodium EDTA to preserve color), Chick Peas (cooked  dried chick peas, water,salt), Kidney Beans (kidney beans,  water. salt, CaCI2), Black Beans (black beans, water. salt,  CaCI2, ferrous gluconate), Italian Dressing (distilled vinegar,  soy bean oil, water, com syrup,salt. onion, red bell pepper,  xantham gum. spice and oleo resin paprika, calcium disodium EDTA). Apple Cider Vinegar, Celery, Green Pepper, Red Pepper, Onion",Plant Protein,probe
F-2117-2012,"Trader Joe's, Balela (A savory Middle Eastern salad with chickpeas, black beans and tomatoes). 8 ounces (227g). in clear rigid plastic containers with snap on lids.",Plant Protein,probe
F-1686-2014,"UNCLE BEN's(R) READY RICE(R) Original Enriched Long Grain White Rice, 8.8 oz. (250g), UPC  054800 031764",Grains/Cereal,probe
F-0090-2015,Family Gourmet Long Grain Enriched White Rice in 32 oz. clear plastic bags (SKU: 1218898) and 80 oz. clear plastic bag (SKU: 1218870).,Grains/Cereal,probe
F-1260-2016,"Family Gourmet Long Grain Enriched White Rice, 32 oz. (2 lb.) plastic bag (SKU: 1218898)",Grains/Cereal,probe
F-1753-2019,"FRESHPET SELECT FRESH FROM THE KITCHEN - REFRIGERATED DOG FOOD - 1.75LB, UPC:2797501110",Pet Food/Treats,probe
F-1754-2019,"FRESHPET SELECT GRAIN FREE SMALL - REFRIGERATED DOG FOOD - 1LB, UPC: 2797501204",Pet Food/Treats,probe
F-1409-2015,"Similac¿ Advance Complete Nutrition Infant Formula with Iron, 1.45lb plastic container.",Baby/Toddler Food,probe
F-1558-2019,"Parent's Choice Advantage Infant Formula Milk-Based Powder with Iron, 35 oz, 922 g, with UPC: 078742022468",Baby/Toddler Food,probe
F-0022-2020,"Abbott Calcilo XD, Low-calcium Vitamin D-Free Infant formula with iron, powder in a 13.2 oz. can, with 6 cans per case.",Baby/Toddler Food,probe
F-0303-2013,"Organic Honey Peanut Butter 16 oz UPC 894455000001, 1.15 oz squeeze packs UPC 894455000094.",Spices/Condiments,probe
F-0032-2013,"CANTALOUPE, WATERMELON, HONEY DEW, RED GRAPES:     Festival Foods-Best Of The Season 30787 H.Brooks Melon Mix Slices Net Wt. 12 oz. (340g) 3 units per case   331 UPC# 0 3823230787 1.",Spices/Condiments,probe
F-0632-2013,"Starbucks Protein Bistro Box, Net Wt 6.8 OZ (193g),   Contains Cage-free egg, white Cheddar Cheese, multigrain muesli bread with honey peanut butter spread and fruit.",Spices/Condiments,probe
F-1581-2013,"ALYMAQ EXTRA FINE GRANULATED SUGAR AIB, www.alymaq.com, NET WT. 50 LBS. (22.68KG), KEEP IN A COOL AND DRY PLACE.  Multi-wall polyethylene lined bag. 55 bags per pallet.",Baking Supplies,probe
F-1514-2013,"INDIAN RIVER ORANGE DROP COOKIES MIX 17 oz coffee bag Contents: Unbleached white flour; granulated sugar, confectioner's sugar, orange peel, baking powder, and salt***PURELY AMERICAN 5991 Industrial Park Road, Athens, OH 45701 (800) 359-7873 www.purelyamerican.com UPC 7 92290 00135 4",Baking Supplies,probe
F-1600-2014,"Rise n Roll Bakery & Deli, Raspberry Creme Donuts, sold individually and  found in 6 count (436 g) UPC Code 6 26570 61744 0  or 12 count (861.83 g) UPC Code 6 26570 617457,  variety donut box identifying all donut varieties     Raspberry Creme Donuts  Enriched wheat flour, soybean oil, dextrose, salt, leaving, soy flour, dry whey, mono and diglycerides with BHT, sodium stearoyl, latylate, guar gum wheat starch, ascorbic acid, corn oil, beta carotene, citric acid, silicon dioxide, alpha tocopherols, tricalcium phosphate, soy shortening (palm oil, soybean oil, vitamin E)     FILLING:  Black raspberries, granulated sugar, permaflo, lemon juice and natural flavor.    Contains wheat, soy and milk",Baking Supplies,probe
F-0588-2020,"Frozen Yellowfin Tuna, Product of Vietnam,  Packaged under the following brands and cuts:     Tidal Seafood Tuna Round Steak, size 6 - 8 oz, Size 8 - 10 oz, pack 2X10 lbs; and     Sea Mart PREMIUM FROZEN YELLOWFIN TUNA LOINS 5-8 LBS IVP, 30 LBS; Sea Mart GRADE AAA FROZEN YELLOWFIN TUNA SAKU 12-16 IVP, 10 LBS; Sea Mart PREMIUM FROZEN YELLOWFIN TUNA STEAKS 8 OZ IVP, 10 LBS; Sea Mart GRADE AAA TUNA CUBE 0.8 OZ IVP, 10 LBS;     and PACIFICA FROZEN SEAFOODS, Tuna Round Steak Size 6 OZ IVP, 20 LBS; Tuna Round Steak Size 8 OZ IVP, 20 LBS;     J DELUCA FISH COMPANY, INC. TUNA LOIN CC 5 -8 LBS IVP, 30 LBS; TUNA CUBE SIZE 1 INCH IVP, 10 LBS; TUNA SAKU 10-12 OZ IVP, 10 LBS; TUNA SAKU 12-16 OZ IVP, 10 LBS; and     Packaged under the FULL MOON FISH Brand -  TUNA LOIN 1-3 LBS IVP, 30 LBS; TUNA LOIN 3 -5 LBS IVP 30 LBS; TUNA LOIN 5- 8 LBS IVP 30 LBS; TUNA STEAK 4 OZ IVP, 10 LBS; TUNA STEAK 6 OZ IVP, 10 LBS; TUNA STEAK 8 OZ IVP, 10 LBS; TUNA SAKU 8 -12 OZ IVP, 10 LBS; TUNA SAKU 12-16 OZ IVP, 10 LBS; FROZEN YELLOWFISH TUNA CUBE 2.8 CM IVP, 10 LBS; and     TUNA KING brand  -  TUNA LOIN 5 -8 LBS IVP, 30 LBS; TUNA MEDALLIONS 2-3 OZ IVP, 10 LBS; TUNA STEAK 4 OZ IVP, 10 LBS; TUNA STEAK 6 OZ IVP, 10 LBS; TUNA STEAK 8 OZ IVP, 10 LBS; TUNA SAKU 12-16 OZ IVP, 10 LBS; and     MiCal SEAFOOD Brand: Tuna Loins AAA 3-5LB IVP, 30lb; Tuna Loins AAA 5-8 LB IVP, 30 lb.; Tuna POKE AAA 1.5 cm IVP and 2cm IVP, 10 lb.; Tuna Steaks AAA, 4oz, 6oz, 8oz, 1 oz, 10 lb., IVP and Tuna Steaks AA 4oz, 6oz, 8oz, 10 oz,  10 lb.; Tuna Ground Meat AAA IVP, 10 lb.; Tuna Saku AAA 8-12 OZ IVP, 10 lb., Tuna Saku 12-16 oz IVP, 10lb.  .",Beef/Pork/Poultry/Game Meats,probe
F-1577-2022,Tovala Gochujang-Glazed Pork Chop Bowl meal No.9-A,Beef/Pork/Poultry/Game Meats,probe
F-1695-2022,"Select Bakery Gourmet Old Fashion Pound Cake Net Wt. 5 Oz (142g) Select Bakery, Inc., Rockwell, N.C. 28138 UPC 0 28598 10062 9",,stratified
F-0217-2023,"Members Mark Holiday Macarons 540g units in plastic trays, 10 units per case Keep frozen, refrigerate after opening UPC: 193968321123 Distributed by: Sam's West, Inc. Bentonville, AR 72716 Product of Canada",,stratified
F-1525-2019,"Will's Fresh Foods Macaroni Salad, All Natural;  A true Classic salad made astonishingly delicious - semolina pasta, real mayonnaise and crunchy vegetables;  NET WT. 12 oz.",,stratified
F-0159-2017,"Package contains a business card for ""***BAGEL SHOP***""    ""***JALAPENO BREAD ***  Filtered Water,Sea Salt, Olive Oil, Sugar, Flour, Yeast, Butter & Dried Jalapenos***""     plastic bag with twist tie.",,stratified
H-0339-2026,"Choceur Cookie Butter Holiday Bark. Standup Pouch Bag. 5 oz. (142g). UPC: 4069365095690. Wholesale unit is split case, with 9 of each item per case.",,stratified
F-0643-2014,"Garden-Fresh Mint Chocolate Chip Cookie Mousse,  Product Code 0 11596 55069 5,	1/5 lb",,stratified
F-2928-2017,Channel Brand - Approx 4OZ Raw Breaded Swai Fillet - Net WT. 10 lbs (4.54 KG),,stratified
F-3610-2017,Coborn's/Cash Wise American Rye Bread - UPC 7-33147-20150  Net Wt. 16 oz (1.0 lb) (454 kg) Sell by 9/7/2017,,stratified
F-1561-2017,"Fred Meyer 100% Whole Wheat Bread 16 oz plastic bag  DISTRIBUTED BY THE KROGER CO. CINCINNATI, OHIO 45202 UPC 0 11110 10294 2",,stratified
F-3044-2017,"A40008, BREADER X1, NET WT 50 LBS, Manufactured By: Newly Weds Foods, Inc., Chicago, IL 60639",,stratified
H-0531-2025,Breadman Bakery; Multigrain 24oz. Baked for Breaman-Melrose Bakery Inc. UPC# 8 6000947952 4,,stratified
F-0447-2023,"Fresh Creative Cuisine White, Colby, Cheddar & Egg Muffin, Net . Wt. 5.5 Oz. Single Serving, Mylar Wrap, Keep refrigerated",,stratified
F-1539-2018,"Trader Joe's  Artisan Bread - Organic French Baguette;  (Brown and Serve) Keep frozen;  Product code 53835;  24 x 11.5 oz. (326g)  - 24 loaves per case.  UPC 0053 8350  Product of Canada    Manufactured by Groupe Premiere Moisson Inc., 189 Harwood, Vaudreuil-Dorion, Quebec, Canada     Distributed and sold exclusively by Trader Joe's, Monrovia, CA 91016",,stratified
F-0985-2016,Croissant Sandwich Platter.  This is a deli service item,,stratified
F-0806-2021,"Eat GANGSTER, Oatmeal Schmoatmeal Cookie Mix, 8.5 Oz, Eat GANGSTER LLC, Wichita, KS, UPC 0 51497 13952 0",,stratified
F-1790-2022,"Alida's Samoon Pita Bread, 4 pieces per package, net wt. 21 oz.  UPC 8 60004 65933 4.  Product contains ingredients: While Flour, Water, Wheat Gluten, Yeast, Sorbitan monostearate, ascorbic acid, Salt, Canola Oil. CONTAINS: Wheat, Gluten.",,stratified
F-3152-2017,"B14120, CRACKER MEAL, NET WT 50 LBS, Manufactured By: Newly Weds Foods, Inc., Chicago, IL 60639",,stratified
F-1190-2022,ELITE WHITE CHOCOLATE WITH COOKIE PIECES	UPC: 815871015707	Net Wt. 3.53 oz (100g). Red packaging.,,stratified
F-2487-2017,"Item 10315 - WHITE WHOLE WHEAT LOAF BREAD, 20-SL>18CT/CS, Frozen, Net wt. 29.26 lbs. per case.",,stratified
F-0110-2016,"Sobisk Lemon Cream Cookies; Imported Exclusively by: Sobisk Foods, LLC, 110 W Baltimore Ave, Clifton heights, PA 19018; Product of India;;;  BEST BY: 1/31/2017    Net Wt: 11.04 oz package 10 Packs and/or    Net Wt: 9.1 oz. 8 Packs.",,stratified
H-0922-2026,"Cake de Capuchino [image] Capuchino Cake The Original, Net Wt. 63 oz, packaged in a transparent and rigid plastic clamshell container with a transparent dome lid and tray base, one unit per container. KEEP REFRIGERATED. UPC 824790850375",,stratified
F-0377-2018,"Little Caesar's Family Meal Kits, Paper cartons, Contains: 1 pizza crust( 12 x 16), 1 package of pizza sauce, 1 package of cheese, 1 package of pepperoni, 1 Crazy bread Cust (18 pc), 1 packet of garlic buttery sauce, 1 packet of parmesan cheese, and 15 break n bake chocolate chip cookies.",,stratified
F-0014-2018,"HAIOREUM, RICE PANCAKE, KOREAN STYLE SNACK 5.29 OZ (150 G), Matcha (Green Tea)",,stratified
F-2498-2017,"Item 10556 - EGG & CHEESE MUFFIN, I/W>50-CT/CS, Frozen, Net Wt. 13.89 lbs.",,stratified
F-1023-2024,Frothy Monkey - Spinach & Feta Croissant - packaged and sold individually,,stratified
F-0222-2024,"Quick & Fresh, Sausage Egg & Cheese Croissant, Net . Wt. 6.5 Oz. Single Serving, Mylar Wrap, Keep refrigerated",,stratified
F-1373-2016,"Organic Green Tea Hojicha, Net 16 kgs,   (bulk product 16 kg boxes with inner liner)",,stratified
F-0776-2016,"Dark Chocolate Covered Coffee Beans, packaged in 12 oz. tubs",,stratified
F-1475-2022,"Honey Caramels Cinna Honey. Net wt. 5.87 oz. PLU Code: 788394 12404 4.    Ingredients: Honey, butter (pasteurized cream & salt), cream, nonfat dry milk, whey, cinnamon oil, beet juice (color), lecithin, algin & agar.",,stratified
H-0041-2026,"Pears Halves in Pear Juice from Concentrate; NET WT 15 OZ (425 g); Ingredients: Pears, Water, Pear Juice Concentrate; Distributed By: Walmart Inc., Bentonville, AR 72716",,stratified
F-0761-2020,"Blendtopia Superfood Smoothie Kit Immunity flavor, 7 oz flexible pouch",,stratified
F-1683-2012,"Pear juice concentrate 70 Brix in 55 gallon steel drums with plastic liner that are filled to 52 gallons.  Labeled in part: ""CLAREX PEAR JUICE CONCENTRATE ""cRc-KOSHER""***52 GALLONS"" and ""TREE TOP***PEAR CONCENTRATE TYPE III***RESOURCE #: 4200815003***Selah, Wa. 98942***MADE IN USA***"".",,stratified
F-1645-2022,"Lyons Barista Style Soy Non-Dairy Beverage.  32 fl oz. (1QT) 946mL  UPC 0 45796-10181 4.    Sold in 12-count case UPC 10045796101811.    Lyons Magnus, Fresno, CA  93702.",,stratified
F-0683-2017,"Galliker's Lemon Iced Tea Flavored, 1 GAL and  Galliker's Lemon Flavored Iced Tea, 1/2 GAL",,stratified
F-1501-2024,"Black Coffee + Maple Syrup Canned Beverage packaged under the following brands and sizes:   1.  Mud LLC Maple Mud, 12 oz. UPC  8 54555-00705 8.",,stratified
F-0697-2023,Clio Strawberry Granola & Yogurt Parfait Bar Net Wt. 1.94 OZ (55g ) UPC: 854021008152 Packaged in a cardboard box.,,stratified
F-1307-2022,"Butter Buds Food Ingredients.  Butter Buds 8X Non-Dairy LD, Item 49380.   Sample Jars are 8 oz. and l lb. sized.  White poly jar with yellow cap",,stratified
F-1949-2013,"Human breast milk, pasteurized, 4 oz, in bottles;  Pasteurized Human Milk,Hospital Grade Milk.    Mother's Milk Bank  751 S. Bascom Abe.San Jose, CA 95128",,stratified
F-1667-2023,Mini Sorbet; parve; 9 PACK / SINGLE; UPC: 0-91404-15408-6,,stratified
F-2528-2015,Blue Bell Ice Cream Mocha Madness Still a 1/2 Gal (2 QTS),,stratified
F-1407-2022,Plant Based Yogurt Culina Plain & Simple Nt Wt 5 oz. (142 g) UPC 854724007087  packaged in glass container 12 jars per case,,stratified
F-1496-2016,"Ex-Seed Premium Creamy Liquid Shortening, Net Wt. 35 LB (15.88), Distributed by Oasis Foods, Inc. Hillside, NJ 07205, UPC 7 32146 18896 9",,stratified
F-0612-2016,"Pint Umpqua Dairy 4% Cottage Cheese, item no. 04308, Net wt. 16 oz. UPC 0 71203 00248 1    24 oz. Umpqua Dairy 4% Cottage Cheese, item no. 04286, UPC 0 71203 00255 9.    3 lbs.  Umpqua Dairy 4% Cottage Cheese, item no. 03980, UPC 0 71203 00280 1.",,stratified
F-1141-2017,"Smoked Farmers Cheese, Chapel Hill Creamery, Chapel Hill, NC 27516.",,stratified
F-2142-2014,"Pretzel Logic Ice Cream, Manufactured by: Koogee-Queen Anne, LLC, d/b/a The Comfy Cow 2221 Frankfort Ave, Louisville, KY 40206.",,stratified
F-1703-2019,"DAISY ORIGINAL SOUR CREAM - 24OZ, UPC: 7342000024",,stratified
F-0769-2025,"Bonya Raspberry Yogurt Parfait, 8oz, Plastic cups with plastic inserts for granola, 6 units per case for distributors, 12 units per case for all other customers, Always Refrigerate .",,stratified
F-3107-2015,"Double-Toasted Coconut Ice Cream Bucket, 349, Jeni's Splendid Ice Creams, LLC, 3 gallons, plastic bucket, individually packed, frozen.    Double-Toasted Coconut Ice Cream Pint Case, Jeni's Splendid Ice Creams, LLC, pint size, plastic container, 8 pints per case, frozen.    Double-Toasted Coconut Ice Cream Pint, Jeni's Splendid Ice Creams, LLC, pint size, plastic container, individually packed, frozen.",,stratified
H-0755-2026,Loard's Vanilla Ice Cream - 32 oz; 56 oz,,stratified
H-0308-2026,Pasteurized Donor Human Milk in 4 ounce/120 ml clear plastic bottles.  The bottles have a foil seal and are capped with a green lid. Bottle size:  120ml,,stratified
F-0982-2019,BELGIO CHEESE PROVOLONE MED PICCANTE¿,,stratified
F-1462-2015,"5.5% Chocolate Ice Cream Mix, sold under Snoqualmie brand. Product is sold in 2.5 gallon clear flexible plastic bags. No UPC.",,stratified
F-1480-2012,"KERRY, CHEDDAR CHEESE, CONTAINS MILK, 701183, R-SE-0056 , Item Number 701183.465, Net Wt 50 Lb (22.68 Kg)",,stratified
F-3146-2015,"Torrone Ice Cream Bucket, 378, Jeni's Splendid Ice Creams, LLC, 3 gallons, plastic bucket, individually packed, frozen.  Torrone Ice Cream Pint Case, 278, Jeni's Splendid Ice Creams, LLC, pint size, plastic container, 8 pints per case, frozen.  Torrone Ice Cream Pint, Jeni's Splendid Ice Creams, LLC, pint size, plastic container, individually packed, frozen.",,stratified
F-1173-2017,"ITALIAN SUB Net Wt 5.5 oz (155g) Smoked ham, hard salami, pepperoni with provolone cheese on an Italian bun KEEP REFRIGERATED UPC 6 42984 67597 5",,stratified
F-2981-2015,"Frozen Jamba, All Natural Smoothies, Razzmatazz, Strawberry, Raspberry and Blueberry with Non-Fat Yogurt, Makes 2-8oz, Net Wt. 8oz (227.2g), Smoothies, packed in plastic pouches, Distributed by: Rader Farms, Inc.",,stratified
F-0335-2023,"Ube Ensaymada, UPC 6658266481. Product is packaged in plastic clear clamshell container and there are 4 pieces per container. Ingredients: Cream Cheese, Cheese, Butter, Milk, Sugar, Salt, Water, Yeast, Flour, Egg. Joy Joy s Bakery contact information: (253) 507-5259, 11107 Pacific HWY SW Lakewood, WA 98499.",,stratified
F-1859-2013,Butter (salted).  8oz round clear plastic tub and 5 gallon pail.  UPC Code 7 93573 09802 3.,,stratified
F-2181-2014,Walnut Creek Marble Cheese-- 6lbs of cheese in plastic bags; 4 per case,,stratified
F-2894-2015,"Flavored Pasteurized Prepared Cheese Product:    MEIJER 12/12OZ  MONTEREY PEPPER JACK SINGLES PASTEURIZED PREPARED CHEESE PRODUCT,1928313223.",,stratified
F-0110-2014,"WHITE LILY¿ ENRICHED WHITE Cornmeal MIX SELF-RISING NET WT 32 OZ (2 LB) 907g Paper Bag Mfg Code 3135 511 BEST IF USED BY: 15-JAN-14 Product labeled in part, INGREDIENTS: ENRICHED WHITE CORN MEAL, WHEAT FLOUR AND DEGERMINATED WHITE CORN MEAL***BAKING POWDER***SALT***CONTAINS: WHEAT INGREDIENTS MAY CONTAIN MILK INGREDIENTS***DISTRIBUTED BY: THE WHITE LILY FOODS COMPANY 4740 BURBANK ROAD, MEMPHIS, TN 38118***0 13300 02281 7",,stratified
F-2374-2012,"Bulk Foods, Inc. Yellow Corn Meal, Regular Roast, 25 lb; Bulk Foods, Inc. Yellow Corn Meal, Regular Roast, 50 lb",,stratified
F-0858-2013,"Hemp Plus Granola.  The product is packaged in a 25 lb. container.  The UPC is 0 58449 88001 1.    The product is labeled in parts: ""***HempPlus Granola***INGREDIENTS: Organic rolled oats, organic evaporated cane juice, organic soybean oil, organic brown rice flour, organic flax seeds, organic hemp seed, organic oat syrup solids (organic oat syrups solids, tocopherol, sea salt, organic molasses***25 lb.***Nature's Path Foods, Blaine, WA 98230***www.naturespath.com***"".",,stratified
H-0507-2026,"Karison brand NO SUGAR ADDED BESAN LADDOO; Ingredients: Gram Flour, Butter, Zero Trans Fat Vegetable Shortening (Hydrogenated Soybean Oil), Pistachio, Almonds, Sweetener with Nutrasweet; UPC: 8 97397 00221 5; Distributed By: Karison Foods & Snacks, Inc, 34 Willowdale Ave., Port Washington, N.Y. 11050; NET WT. 12 oz.; Manufactured in a facility that processes Milk, Eggs, Soybean, Tree nuts, Wheat, Peanuts and other Nuts. Product is packaged in clear plastic containers, 12-(12 oz) units/case.",,stratified
F-1752-2014,i heart keenwah Cranberry Cashew All Natural Quinoa Clusters.    UPC 736211802545 for the 4 oz  UPC 713757598309 for the 1 oz,,stratified
F-1574-2019,GWB Special Flour Bulk  Product Code 803011,,stratified
F-0263-2021,"Lancaster Veggie Rice Blend, 15 Ounces, in a stand-up steam pouch with 'grab & steam' printed on the header, UPC 8 13055 01014 2",,stratified
H-0256-2025,"C Sweet Ghouribeh with Pistachios 7 oz., UPC 852664042755",,stratified
F-2026-2014,"GSF LLC Shelled Walnuts, Kernel Combo Halves & Pieces, 15% New Wt. 25 lbs. GSF LLC, Visalia, CA 93290",,stratified
F-1112-2022,JIF NATURAL PEANUT BUTTER  packaged in 0.64oz and 96 count,,stratified
F-0689-2013,"Peanut Butter Pave, UPC code 693868102117 & 69386905312, in the following sizes:   1) 5 Piece Peanut Butter Pave, 63 Grams per pack, 12 Packs per case.  2) 2 Piece Peanut Butter Pave, 26 Grams per pack, 10 Packs per case.  3) Bulk Peanut Butter Pave, 415 Grams per pack.",,stratified
F-0950-2024,Quaker Chewy Bars Less Sugar Peanut Butter Chocolate Chip 8ct 6.7 oz. Bars are individually wrapped in plastic and then packaged in paperboard boxes.,,stratified
F-1050-2018,"Midwest Northern Nut BBQ Blues Mix.  Packaged in the following sizes:    1.  Net Wt. 16 oz. (454G), UPC 38043-90084.    2.  Net Wt. 5 lbs.    Midwest Northern Inc., Minneapolis, MN  55118",,stratified
F-0756-2017,"Peanut Butter Fudge, brand Real Fudge. Product is sold in clear plastic deli container in 8, 12, and 16 oz.",,stratified
F-1338-2017,"Gonsalves Sugar Coated Almonds, Net Wt. 12 oz.  Distributed by The Gonsalves Company, Smithfield, RI 02917    UPC number 20539-64550",,stratified
F-0552-2015,"MaraNatha No Stir Creamy Almond Butter, 12 oz., UPC 51651093682;  MaraNatha No Stir Creamy Almond Butter, 340 grams, UPC 51651093453;  Kroger No Stir Creamy Almond Butter, 12 oz., UPC 11110791214;",,stratified
F-0542-2013,Sunland Shelled Raw Valencia Peanuts 3 lb UPC 0-48687-13212-6.,,stratified
F-0285-2025,"Impossible Spicy Ground Sausage Meat from plants 14oz chub, UPC 8 16697 02109 5; 8 retail chubs per case",,stratified
F-1411-2018,"Shelled Eggs, Extra Large 18pk sold under the brand names of Publix UPC 0 41415 00966 0 & Sunups UPC 0 28621 36398 4",,stratified
F-0364-2020,PIZZA PESTO GREEN VEGGIE  served on the salad bar,,stratified
F-0265-2025,"CIBUS Fresh, Jack & Olive, Sprig and Sprout branded Autumn Turkey Sandwich 9.65oz UPC 00810028251915",,stratified
F-2505-2017,"Item 11920 - VEGAN PBJ LUNCH>36TRAYS/CS, Frozen, Net. Wt. 33.78 lbs. per case",,stratified
H-0258-2026,Deep-brand Premium Select Punjabi Tinda KEEP FROZEN Net Wt. 12 oz. (340 g),,stratified
F-1570-2019,Dellalo HG Pizza Flour 50lb bags  Product Code 845212   Lot#: 8344BF,,stratified
F-0892-2022,"Fresh Creative Foods PLANT BASED CHICKEN CHIPOTLE PASTA SALAD KIT 2/5.8125 LB  UPC: 10013454381820 Item # 404996 Kit Components: 2/4.5 lb. tubs of Chipotle Pasta Salad; 2/15 oz. bags of plant based chipotle seasoned protein strips 2/5 oz. bags of shredded cheddar cheese  distributed by: Fresh Creative Foods, Vista, CA 92081",,stratified
F-0007-2024,LuLu Chinese Express Korean Noodles (Japchae) w/ Vegetables. Net Wt 16oz.,,stratified
F-0574-2020,Jeni's Dairy Free Cold Brew with Coconut Cream Pints frozen dessert,,stratified
F-0379-2017,Frontera Texas Original Taco Skillet Sauce with mild red chile + cumin 8 oz. pouch,,stratified
F-1444-2017,"Spaghetti Soup; Annie's Kitchen, 2966 Stumptown Rd, Ronks, PA 17572   16 FL OZ",,stratified
H-0094-2026,"Basil Pesto Bowtie Pasta Salad, packaged in plastic containers with various weights, with UPC 217573-1XXXX (sold at deli service counters) or UPC 217573-2XXXX (sold as Grab-n-Go packages in deli departments), under the banners Kroger, Baker's, City Market, Dillons, Fred Meyer, Fry's, Gerbes, King Soopers, Payless, Ralphs and Smith's",,stratified
F-0764-2016,"Morning Star Disaster Supplies Quick Meal  Mexican Corn Soup Mix Net Wt. 8.1 oz (230g)., Foil Bag.  UPC 853328-006090      Wilderness Family Naturals  Quick Meal  Mexican Corn Soup Mix., Net Wt 8.1 oz (230 g)., Foil Bag. UPC 898392-007949",,stratified
F-0268-2022,TaDah! FALAFEL STREET WRAP WITH SPICY BROWN SUGAR HARISSA HUMMUS NET WT. 7.5 OZ. UPC Code:8-5019800307-5,,stratified
F-0621-2023,"Wonton wrappers, 4"" x 4"" and 3.5"" x 3.5"", packaged in 30lb. corrugated (cardboard) boxes. Product is sold frozen.",,stratified
F-1862-2015,"Gala Apples ""Big B"";    sold in 40-45 lb. cases with cardboard trays or  in 3 lb. poly bags (~12 apples). 5 lb. poly bags (~ 18 apples) and loose fill TriWall containers ~ 700 lbs.    Bidart Bros., Bakersfield, CA 93312",,stratified
F-0634-2022,"Natural Way Cheese Horseradish Cheese Curds, retail 12oz plastic bag UPC 8 10056 75106 7, 12 retail units per wholesale case",,stratified
F-1578-2012,"The Farmers Market brand Romaine Garden Salad Blend, 12 oz bag, UPC:  30034-30220; Product is a salad item; bagged in clear polyethylene film (foodservice) and polypropylene/polyethylene (retail). Refrigerate and consume within Best By date. Product is processed and packaged by River Ranch Fresh Foods, LLC, Salinas, CA",,stratified
F-2195-2016,"Product labeled in part  ""Trader Joe's Kale & Edamame Salad with sweetened dried cranberries, grape tomatoes, almonds, scallions and lemon herb dressing, Net Wt. 10 oz (284g)"" packaged in a clear plastic 10 oz container with yellow sticker and green lettering.",,stratified
F-1069-2022,"Yes! Enoki Mushrooms;  Pesticide Free Produce: Vacuumed packed.  Product of China  UPC: 825382736947  Net Wt 200g/7.05 oz  Distributed by YES Produce City of Industry, CA 91746",,stratified
F-0723-2017,GFS Cheese Manicotti in tomato sauce.  retail 68 oz. pan.  4 retail units per case,,stratified
F-0666-2016,"50/50 mix, 5.5 oz. bag - Kroger;  50/50 blend, 10 oz. bag - Dole      All marketed Dole and private label salads produced in the Springfield, OH facility.  Product may be identified by an A in the upper right hand corner of the package.",,stratified
F-0610-2022,"""Twisted Chopped Greek Caesar"" (salad product) packed in 9.3oz. packages",,stratified
F-0274-2020,"Brussel Sprouts    Mann  6 x 12 oz. UPC: 716519010354  SS and Canada    6 x 9 oz. UPC: 716519067013 MNN, MCC    4 x 2 lbs. UPC: 716519020308 - SS",,stratified
F-1089-2020,"Giant Eagle Chopped Sunflower Crisp Salad Kit 11.1 oz., UPC 030034923396, Cabbage, kale, lettuce & carrots",,stratified
F-1998-2012,"Yellow onions:  Whole peeled, packaged in 10-lb. plastic bags, 1 per case (item 19530).      The firm name on the label is Cool Creations, LLC, North Kansas City, MO.",,stratified
F-0618-2024,Malichita/Z Farms Cantaloupes 35 to 40 lb. cartons sold by piece count.,,stratified
F-0730-2018,"Wienke's Market Raspberry Rhubarb Jam, Net Wt. 8 oz (226g), UPC 14106-00229.    Refrigerate after opening.  Ingredients:  raspberries, rhubarb, sugar, pectin.",,stratified
F-1270-2018,Grown in Idaho Crispy Potato Puffs    UPC: 43301611636    Target item number:  270-1-23,,stratified
F-2387-2012,"Starbucks¿ Seasonal Harvest Fruit Blend, 6oz, UPC 6211171390, Use by dates 8/22/2012 through 9/7/2012 and 9/4/2012 & 9/5/2012.",,stratified
F-1984-2012,"Southern Home Cranberry Nut Antioxidant Blend, Trail Mix, Net Wt. 16oz. (1 LB) 454g, Distributed by Southern Home, P.O. Box 99, Mauldin, SC 29662.",,stratified
F-0152-2013,#805 Salad - No Meat Asian	3/4 pounds,,stratified
F-1754-2022,"Strawberry, Blueberry, and Blackberry packaged in the following brands and sizes:   1.  Item 80610.  Triple Berry Blend  Net Wt. 14 oz.  Crazy Fresh 2.  Item 80867.  Triple Berry Blend  Net Wt 20 oz.  Crazy Fresh,  quick & easy, and grocery store branded.   3.  Item 89272.  Berry Bliss  Net Wt. 16 oz. Kowalski's Markets",,stratified
F-1567-2018,"Terry's Potato Salad, Packaged into the following sized containers:    1.   Net Wt. 30 lbs. (13.68kg), Mfg No. 20117, UPC 10032345201177.     2.  Net Wt. 5 lbs. (2.27Kg), Mfg. No. 21080, UPC 10032345190808  Keep Refrigerated between 35 - 38 F.  MFG by Dawn's Foods, Portage, WI  53901",,stratified
F-1114-2020,"Little Salad Bar Garden Salad 12 oz.,UPC 4099100082975,  Iceberg lettuce, carrots & red cabbage",,stratified
F-0489-2014,"Garden-Fresh German Potato Salad, Product Code 0 11596 91020 8, 2/5 lb.;  Garden-Fresh German Potato Salad, Product Code 0 11596 14017 9, 12/16 oz.;  Garden-Fresh German Potato Salad,  Product Code 0 11596 34319 8, 4/3 lb.    Grandpas German Potato Salad, Product Code 0 11596 14016 2, 12/16 oz.;  Grandpas German Potato Salad , Product Code 0 11596 91023 9, 2/5 lb.;    Dominick's Grandpas German Potato Salad,Product Code 0 11596 14016 2, 12/16 oz",,stratified
F-2427-2014,"Marjon Kale Sprouts, Keep Refrigerated. NET WT. 6/3 oz. packaged in cups; Marjon Specialty Foods, Inc. 3508 Sydney Rd., Plant City, FL 33567 Grown and Packed in the USA. UPC 20077554000231. Used by 7/06/14.",,stratified
F-1172-2022,"POTATO YUKON W/SKIN 1/16""4/5 A (01)10886810715412(10)0016088347 71541 Best if used by: 04/01/22, 04/02/22, 04/04/22, 04/05/22, 04/07/22, 04/08/22, 04/12/22, 04/14/22, 04/15/22, 04/23/22, 04/28/22 Ingredients: Potato, Sodium Metabisulfite",,stratified
H-0259-2025,"SHOPPERS VALUE FRUIT COCKTAIL in HEAVY SYRUP, Net Wt. 22.5lbs, 24/15 OZ Cans per case.",,stratified
F-0539-2023,"Fresh Creative Cuisine, Fresh Cut Tropical Fruit, Net . Wt. 7.25 Oz. Single Serving, Keep refrigerated",,stratified
F-0339-2025,a.) King Kullen brand Mango; UPC: 85316-10377; 12 oz plastic container b.) King Kullen brand Mango Spears; UPC: 85316-10387; 16 oz plastic container c.) Wild by Nature brand Mango; UPC: 85316-10377; 12 oz plastic container d.) Gracie's Kitchen brand Mango Spears; UPC: 85316-10337; 16 oz plastic container e.) Gracie's Kitchen brand Mango Cup; UPC: 85316-10323; 12 oz plastic container f.) Gracie's Kitchen brand Mango Chunks; UPC: 85316-10352; 16 oz plastic container g.) Gracie's Kitchen brand Magno Cup; UPC: 85316-10377; 12 oz plastic container,,stratified
F-1189-2014,"Reser's Turkey Salad Dressing Kit, Formula KI.33, packaged in 6/3.375-lb carton cases. Reser's Fine Foods, Inc., Beaverton, OR.",,stratified
F-3346-2017,Wholesome Pantry Cape Cod Cranberry Mix 8oz.,,stratified
F-1025-2014,"Dairy Fresh,	Red Skin Potato & Herb,	1/5 lb.,		0 70163 53370 7,	12/3/2013 - 12/10/2013;",,stratified
F-1254-2023,"Trader Joe s Organic Tropical Fruit Blend Pineapple, Banana, Strawberry, Mango, SKU #051191, packaged in pillow bags. Each case consists of 24 bags and each bag is 16 oz.  UPC on retail bag: 00511919",,stratified
F-0675-2016,"Sweet Baby lettuces,  5 oz. clamshell, Dole brand. .       All marketed Dole and private label salads produced in the Springfield, OH facility.  Product may be identified by an A in the upper right hand corner of the package.",,stratified
F-0676-2015,"Whole Foods Market Peaches, UPC/PLU 21085000000",,stratified
F-1731-2017,"Sunrise Brand Dehydrated Anchovy size 3/5cm - 100 x 3.5oz, Item No. C0161, UPC 2 08 54336-20161 9",,stratified
F-1360-2014,"The refrigerated vacuum packed hot smoked oysters, Teriyaki flavor, is sold in 2.5 oz. or 4 oz. packages. There is no UPC for this product.    The product main label is read in part ""***T&S OYSTER FARM NETARTS BAY***SMOKED OYSTERS***NET Net Weight 4 oz (113g) ***PERISHABLE KEEP REFRIGERATED AT OR BELOW 38***Cert. # OR-179-SP 703 Ivy st. Tillamook OR 97141***"".    Sticker is placed on the package to identify the ""TERIYAKI"" flavor.",,stratified
F-2511-2014,"Supreme Choice brand Colossal, 16 oz;  Premium Pasteurized Crab Meat.  Product of Thailand.  Distributed by Supreme  Lobster and Seafood Company, Villa Park, IL 60181",,stratified
F-0048-2013,"HT Premium Lobster Cake (fresh), 3 oz @ 2x8ct, Net Wt: 3 lbs, Packed by 3fish, Inc.",,stratified
H-0112-2026,Arctic Shores; Best Yet; Great American; Master Catch branded Frozen cooked shrimp; 2lbs; 1lbs; 12oz bags;   UPC: 041130810497; 041130810411; 041130811685; 041130810817; 042187002705; 829944012623; 042187002712; 829944012630; 042187002729; 829944011510; 041130812385; 042187002736; 042187002736; 829944013576; 829944012616; 829944093073; 041130810466; 041130810473; 042187002743; 829944011541; 717544137047; 829944012173; 829944002631; 042187002750; 829944011565; 829944010674; 829944011381; 042187002774; 829944092540; 041130812392,,stratified
F-0925-2013,"Cold Smoke Salmon in vacuum plastic bags, labeled in part: ***BLACK BEAR***of the BLACK FOREST*** Naturally Smoked***Smoked Salmon***Extra Fancy***1 lb.***",,stratified
F-1353-2024,"Scallop Pot Seas 703161, 860 kg.  SAP Code:  30589206.  Kerry Ingredients, 3400 Millington Road, Beloit, WI  53511",,stratified
H-0157-2026,"Kroger Raw Colossal EZ Peel Shrimp, net wt. 2lbs., UPC 20011110643906. Product is packaged in transparent printed bag with a blue band on the top with yellow and red details.",,stratified
F-0577-2018,"REEF NET brand Wild Pacific Smoked Salmon.  Product is Ready-To-Eat, hot smoked, vacuum packaged in 1 lb.; 1.5 lbs.; and 2 lbs. package, keep refrigerated or keep frozen.      The label is read in parts: ""***REEF NET Brand *** Wild Pacific Smoked Salmon***Ingredients: Fish, salt, brown sugar, natural wood smoke***Important: Keep frozen until used. Thaw under refrigeration immediately before uses***BARLEAN'S FISHERY***3660 Slater Road, Ferndale, WA 98248***"".",,stratified
H-0473-2025,READY MEALS DUO TUNA SALAD W/ CRACKERS,,stratified
F-2935-2017,Sea Best - 4oz. Raw Breaded Pollock Squares (Whole Muscle Pollock) -Net wt. 10 lbs. (4.54 kg)  Packed for: Beaver Street Fisheries,,stratified
F-0208-2020,"Fortune Fish & Gourmet fresh Atlantic salmon, whole, filleted, and filleted without belly sold by weight in cardboard box with ice",,stratified
F-1643-2022,"Stumptown Cold Brew Coffee with Cream & Sugar Chocolate.  11 Fl Oz.  325 ML.  UPC 8 55186-00686 1.    Sold in 12-count case UPC 108551860006861.    Manufactured for Stumptown Coffee Roasters, 100 SE Salmon St. Portland, OR  97214",,stratified
F-0266-2021,"RUFFLES ""PARTY SIZE"" ORIGINAL POTATO CHIPS 13 1/2 oz. UPC 028400034005 packaged in flexible bags",,stratified
F-0261-2024,"Quick & Fresh, Turkey & Muenster Pretzel Roll, Net Wt. 6.5 Oz. Single Serving, Keep refrigerated",,stratified
F-1455-2018,"WOMAN ORGANIC DARK CHOCOLATE BERRY bar NET WT. 1.8 OZ (51g) Manufactured and Distributed by eBars, LLC, Franklin, TN 37064 UPC 8 55529 00418 9",,stratified
F-3066-2015,"Dark Chocolate with Cranberry, Roasted Nuts & Sea Salt, sold under brand Willit House.      Each bar is wrapped in gold foil and then wrapped with a box.  Each box contains 12  bars and each bar has a net weight 60 gram.",,stratified
H-0135-2026,"47518 - Nonpareil, Semi-Sweet Chocolate (Christmas Seeds), 25lb Bulk Cases Packaged into Various Size Units After distribution.",,stratified
F-0560-2024,"Wilcox Premium Double Chocolate Ripple in 1.5QT, Quart, and Pint sizes",,stratified
F-1268-2017,SunRidge Farms Dark Chocolate Pistachios Bulk PLU# 70289 and retail units packaged in clear plastic tub.,,stratified
F-2914-2015,"Free Range Snack Co. Island Fruit and Nut Trail Mix, Net We 16 oz (454g)",,stratified
F-0246-2021,"Chocolate Selection (Holiday and regular)    1.Holiday Selection label reads in part: ""Lake Champlain Chocolates ***Chocolate Selection***Net Wt 9 oz. (255g)***An Irresistible 'BEST OF' Holiday Collection***Ingredients: DARK, MILK, AND 'WHITE CHOCOLATE...***Lake Champlain Chocolates***750 Pine Street***Burlington, Vermont 05401***15 PIECES""   Online Stock Code: 1X301-015001-1  1. UPC: 76993304604    2. Holiday selection label reads in part: Lake Champlain Chocolates Chocolate Selection 1.1 lbs.**Ingredients: DARK, MILK, AND 'WHITE CHOCOLATE...Lake Champlain Chocolates750 Pine Street Burlington, Vermont 05401 15 PIECES   Stock code:1X301-030002-1  UPC: 76993304605    3.Lake Champlain Chocolates Chocolate Selection, 1.1 lbs. Ingredients: DARK, MILK, AND 'WHITE CHOCOLATE...Lake Champlain Chocolates 750 Pine Street Burlington, Vermont 05401, 30 PIECES""   Online Stock Code: 1Y301-030002-1  UPC: 76993304603    4. Lake Champlain Chocolates Chocolate Selection, Net Wt 9 oz. (255g) Ingredients: DARK, MILK, AND 'WHITE CHOCOLATE...Lake Champlain Chocolates 750 Pine Street Burlington, Vermont 05401 15 PIECES   Online Stock Code: 1Y301-015001-1  UPC: 76993304602",,stratified
H-0329-2025,"Zinger Pickle products under the following labels:   1.  Gedney Zinger Chips, item 18800, 24 fl oz.  (1-1/2 Pt) 710mL.  UPC 0 41660-00188 4.   2.  Gedney Zingers Dill Babies, item 18600, Net 24 fl oz. (1-1/2 Pts) 710mL. UPC 0 41660-00186 0.  Refrigerate after opening.  Distributed by Gedney Foods Co, Burnsville, MN  55438  Product of Mexico.",,stratified
F-0284-2020,Mann's Snacking Favorites Organic Veggie Hummus Snack Tray   4 x 16.5 oz.  UPC: 716519020582,,stratified
F-1660-2024,"1. Freshness Guaranteed Patriotic Red, White & Blue Pretzel Twists, Net Wt 14 oz., UPC 78742 03913, 8/14oz case 2. Palmer Candy Frosted Patriotic Pretzels, Item 10757, Net Wt 28 lbs, UPC 77232 10757",,stratified
H-0769-2026,"Dakota Honey Company Spreadable Spun Honey, Cinnamon-Infused.  Stir before use.   Produced in Winner, SD.  Packaged in the following sized plastic jars:   1.  Net Wt 4 oz (113g) UPC 8 60012-41980 7.   2.  Net Wt 12 oz (340g)  UPC 8 60010-57963 3.",,stratified
F-0127-2021,"J&O Mixed Veggie Cup with Dip, Net Weight 5.0 oz. (128 g), UPC  95631-85818.  Mfg By:  RDW, Pueblo CO 81001",,stratified
F-0331-2015,"Good Herbs, Inc., LOBELIA, 1 & 4 oz bottle, 550 Oliver Dr Troy, MI 48084 The Quality Herb That Works",,stratified
F-2120-2015,"JCB FLAVORS, LLC, Product Code 4006500812 / 40650/406500812/771756/ 40650, Cumin Ground #400650/40650/44650, 12x 8oz jar,  12x 3.4 oz jar, 12 x 16 oz jar,  1 x 16 oz jar,  ,4 x 5 lb jug,  bulk ( 25 lb, 10 lb, 2 lb) , UPC: 66049248116, 66049248106, 66049248125, 014641001128, 014641001104.",,stratified
F-1628-2014,"Jalapeno Ground 40, Elite Spice Code #JP9520, 50 lb poly-lined cartons labeled in part ***Elite Spice Inc. 7151 Montevideo Road, Jessup MD. 20794***",,stratified
F-0429-2015,"Good Herbs, Inc., THYME, 1 oz bottle, 550 Oliver Dr Troy, MI 48084 The Quality Herb That Works",,stratified
F-0368-2015,"Good Herbs, Inc., PANCREAS SUPPORT 2, 1 oz bottle, 550 Oliver Dr Troy, MI 48084 The Quality Herb That Works",,stratified
F-1586-2020,"Item 83976 Pico De Gallo Salsa Mild, Refrigerated, net wt.	16 OZ, packaged in Plastic Container.",,stratified
F-1421-2020,"Saddlin' Up Salsa Medium, item number 83259, refrigerated product, ready to eat product, packaged in a 15 oz. plastic tub with a plastic lid. UPC 88694 83255.",,stratified
F-1950-2015,"GROUND CUMIN, Net Wt. 5 lbs (2.3 Kg), UPC 7 52186 82560 0.",,stratified
F-1989-2015,"Culinary Masters, MASTERS PREMIUM FAJITA SEASONING, Net Wt. 24 oz. Distributed by Atlanta Foods International, Atlanta, GA 30303.",,stratified
F-1985-2015,WILDSEASON CAROLINA BBQ RUB,,stratified
F-0937-2017,"Prostax Forte, (50,000 capsule bulk)",,stratified
F-0482-2015,"Endurance Pre Race Lime , Dietary Supplement   Packaged under the label Stronger Faster Healthier Pack. Packaged in: 2 lb (32 oz),  and 30 gram sizes",,stratified
F-0352-2015,"Good Herbs, Inc., MULTI-HERBAL, 1 oz bottle, 550 Oliver Dr Troy, MI 48084 The Quality Herb That Works",,stratified
F-0565-2016,Celestial Seasonings Roastaroma Herbal Tea Lot code: Best Before 20DEC17 Pack size: 6 retail units (20 count)/ per case,,stratified
F-1311-2014,"Biogenix USA M1 capsules, packaged as a bulk product in clear plastic bags.",,stratified
F-0951-2020,"Benefiber Prebiotic Fiber Supplement, packaged in the following ways 1) Net Wt. 500 g (17.6 oz) bottle. UPC 886790218302 and 2) Net Wt. 760 g bottle UPC 8886790211907",,stratified
F-0328-2024,Similac Probiotic Tri-Blend - 0.017oz (0.50g) packaged in foil packets. 50 foil packets per carton - 3 cartons per case.,,stratified
F-0197-2021,"Valanga Gourmet brand Snickerdoodle Cookie with cinnamon sugar on the outside. Each cookie is wrapped and sold individually. Expected shelf life 6 months frozen and 2 months refrigerated.  Net wt. 4.4 oz (124g). UPC   814524616004.    The Snickerdoodle Cookie label is read in parts: ""***Ingredients: Flour (Wheat Flour, Malted Barley Flour Niacin, Iron (Reduced) Thiamine Mononitrate Riboflavin Folic Acid), Sugar, Margarine (Palm and Soybean Oil, Water, Salt, Soy Lecithin, Vegetable Mono & Diglycerides Potassium Sorbate (A Preservative), Citric Acid, Natural and Artificial Flavor, Beta Carotene (Color), Vitamin A Palmitate Added, Whey), Eggs, Invert Sugar, Cream of Tartar, Cinnamon, Salt, Baking Soda, Vanilla Extract (Water, Alcohol, Vanilla Bean Extractives)     ***Possible Traces of Peanuts and Tree Nuts *** Avalanche Distributing LLC, Zillah, WA 98953 ***Local call 509-829-5355 ***Re-order call 1-800-514-4562 ***"".",,stratified
F-1044-2017,Aloe & L Glutamine Dietary Supplement (unknown container size),,stratified
F-3369-2017,"Thymus Plus, No. 114, 90 Capsules, Dietary Supplement",,stratified
F-1565-2023,"100 vegetarian  Fenugreek Capsules 90 count, 600mg, packaged in 150cc Amber Glass Packer  with White Polypropylene Cap.",,stratified
F-0708-2025,"Arepas de Chocolo, Abuelas Food Company, Delicias de la Abuela's, Net Weight: 22.5oz. (638g), 5 units per package, Vacuum seal packages and twist tie bags, KEEP REFRIGERATED. UPC 850283002037",,stratified
F-0847-2016,Pioneer Hush Puppy Mix  NET WT 5 LB 2.27 kg,,stratified
F-1222-2023,"Cargill Trisodium Citrate Dihydrate packaged in 50 lb. paper bags and 2,000 lb. supersacks.  Product item ids:   1. SKU 100002299, TSC DIHYD FN 50LB BG 6132-04-3 KH FC 2. SKU 100105400, TSC DIHYD FN 2000LB RED HNDL SS KH 3. SKU 100106066, TSC DIHYD FN 2000LB RED HNDL SS KH FCC 4. SKU 100105370, TSC DIHYD GNLR 50LB BG KH FCC 5. SKU 100105374, TSC DIHYD GNLR 2000LB RED HNDL SS KH FCC",,stratified
F-1092-2016,"Peru Food Mote Corn Maiz Mote Net Wt. 15 oz.   Imported and distributed by: Peru Food Import Inc.PO Box 419 West New York, NJ 07093    UPC 812125009628",,stratified
F-3171-2017,"B28993,  BATTER MIX X2, NET WT 50 LBS, Manufactured By: Newly Weds Foods, Inc., Chicago, IL 60639",,stratified
F-0759-2019,"FLECHAZO 36 pieces Net Wt. 1 lb. 12.5 oz. packaged in a clear plastic jar, 6 jars per case",,stratified
F-0988-2016,"CITTERIO PEPPERONI, sold in a deli bag.  This is a deli service item",,stratified
F-0134-2022,Cedar s Organic Mediterranean Hommus 10 oz.,,stratified
F-0989-2024,Quaker Oatmeal Squares Brown Sugar 14.5 oz; 21 oz; 43.5 oz 3 Pack; 29 oz 2 Count,,stratified
F-1337-2019,"Dragonfly Dehydrate Guava  Ing: Guava, Sugar, Salt   Net Wt: 5.25 ozs 150g  Distributed by: U.S. Trading Company   Product of Thailand   Item Number:37115   UPC: 721557371152",,stratified
F-3008-2017,"A24371, BATTER MIX X1, NET WT 50 LBS, Manufactured By: Newly Weds Foods, Inc., Chicago, IL 60639",,stratified
H-1079-2026,"Adndale Magnesium Glycinate Gummies 400 mg. Plastic bottle containing 90 gummies. Net weight: 11.36 ounces. Serving size: 2 gummies. UPC: 860008784551 Firm name and address listed on label: Dkiru Ltd, Keepers Cottage, 3 Dublin Rd, Leixlip, Co. Kildare W23 H3C4, Ireland",,stratified
F-0231-2024,"Fresh Creative Cuisine White Label, Spicy Italian Super Hoagie, Case of 6, Keep refrigerated",,stratified
F-0710-2013,"""***Avena de Aqu¿ Si Azucar A¿adida****8oz****Fabricado por Postres de Aqui, Inc. Calle B Parrio Plamas Cata¿o PR 00962***""",,stratified
F-0680-2022,Dole 14oz Southern Slaw  Product UPC 071430010365,,stratified
F-1640-2016,"Dr. Praeger's Black Bean Burger (CN Labeled) (Vegetarian), 3.3 oz., 10 lbs (4.54 kg), Best if used by: May-12-2018, UPC (01) 0 0080868 06616, Dr. Praeger's Sensible Foods, Elmwood Park, NJ 07407",,stratified
F-1639-2023,Tropical Flute / Pre-Cut 12 Slices; parve; 1 PACK; UPC: 0-91404-15243-3,,stratified
F-0776-2022,Dole 9.1 oz  Peppercorn Ranch Chopped Kit  UPC: 0-71430-00093-9  SKU: 728,,stratified
F-0665-2023,"Stir-Fried Kimchi distributed in un-labeled plastic containers 12oz.  Containers were then labeled at H-mart, G-mart, or M2M retail store.",,stratified
F-3072-2017,"A81252, BATTER MIX X1, NET WT 50 LBS, Manufactured By: Newly Weds Foods, Inc., Chicago, IL 60639",,stratified
F-1639-2017,"Jugos La Morove¿a, Tamarindo (Tamarind) ,Elaborado y Envasado por Jugos La Morove¿a, Carr 634 km 5.1, Bo. Franquez, Morovis PR 00687",,stratified
F-1904-2014,"Pastene ITALIAN TRIVELLA #69 , 16 oz cellophane bag.   Imported from Italy. Imported by the Pastene Company, Canton, MA    Item Number:7087  UPC: 066086070870",,stratified
F-1176-2019,El Rey Chocolitas 12.69oz (360gr) and 2.2lb (1 Kg),,stratified
F-1515-2014,"Bueno GC NM  Hatch Valley Hot 5-5# Z, Product Item Number 1056-5. Packaged in sealed poly film pouches.  All packed in cardboard shipper box that is then sealed with attached shipper label. Total package size  5 units of 5 lbs each per case, totaling 25 lbs.",,stratified
